,aatrox,ahri,akali,akshan,alistar,amumu,anivia,annie,aphelios,ashe,aurelionsol,azir,bard,belveth,blitzcrank,brand,braum,briar,caitlyn,camille,cassiopeia,chogath,corki,darius,diana,draven,drmundo,ekko,elise,evelynn,ezreal,fiddlesticks,fiora,fizz,galio,gangplank,garen,gnar,gragas,graves,gwen,hecarim,heimerdinger,hwei,illaoi,irelia,ivern,janna,jarvaniv,jax,jayce,jhin,jinx,kaisa,kalista,karma,karthus,kassadin,katarina,kayle,kayn,kennen,khazix,kindred,kled,kogmaw,ksante,leblanc,leesin,leona,lillia,lissandra,lucian,lulu,lux,malphite,malzahar,maokai,milio,missfortune,mordekaiser,morgana,naafiri,nami,nasus,nautilus,neeko,nidalee,nilah,nocturne,nunu,olaf,orianna,ornn,pantheon,poppy,pyke,qiyana,quinn,rakan,rammus,reksai,rell,renata,renekton,rengar,riven,rumble,ryze,samira,sejuani,senna,seraphine,sett,shaco,shen,shyvana,singed,sion,sivir,skarner,smolder,sona,soraka,swain,sylas,syndra,tahmkench,taliyah,talon,taric,teemo,thresh,tristana,trundle,tryndamere,twistedfate,twitch,udyr,urgot,varus,vayne,veigar,velkoz,vex,vi,viego,viktor,vladimir,volibear,warwick,wukong,xayah,xerath,xinzhao,yasuo,yone,yorick,yuumi,zac,zed,zeri,ziggs,zilean,zoe,zyra
aatrox,,,,,,,,,,,,,,,,,,,,49.98%,,49.98%,,49.98%,,,49.99%,,,,,,49.99%,,,49.99%,49.99%,49.99%,49.99%,,49.99%,,49.99%,,49.99%,49.99%,,,,49.96%,49.96%,,,,,,,,,49.96%,,49.96%,,,49.96%,,49.96%,,,,,,,,,49.91%,,,,,49.91%,,,,49.91%,,,,,,,49.91%,,49.91%,,,,,49.88%,,,,,,49.88%,,49.88%,49.88%,,,,,,49.88%,,49.88%,,49.88%,49.88%,,,,,,,,,,,,,49.88%,,,,49.88%,,,,49.89%,,,,,,,,,,,,,,,,,,49.93%,,,,,,,,
ahri,,,49.46%,49.46%,,,49.46%,49.46%,,,49.46%,49.46%,,,,,,,,,49.46%,,,,,,,,,,,,,49.44%,49.44%,,,,,,,,,49.44%,,,,,,,,,,,,,,49.46%,49.46%,,,,,,,,,49.46%,,,,49.46%,,,,,49.44%,,,,,,,,,,,,,,,,49.44%,,,,,49.42%,,,,,,,,,,,49.42%,,,,,,,,,,,,,,,,,49.43%,49.43%,,49.43%,,,,,,,,49.39%,,,,,,49.36%,,49.36%,,,49.36%,49.36%,,,,,49.35%,,49.35%,49.35%,,,,,,,,49.35%,
akali,49.88%,50.97%,,50.97%,,,50.97%,50.97%,,,50.97%,50.97%,,,,,,,,49.86%,50.97%,49.86%,,49.86%,,,49.85%,,,,,,49.85%,50.92%,50.92%,49.85%,49.85%,49.85%,49.85%,,49.85%,,49.85%,50.92%,49.85%,49.85%,,,,49.80%,49.80%,,,,,,,50.92%,50.92%,49.80%,,49.80%,,,49.80%,,49.80%,50.92%,,,,50.92%,,,,49.71%,50.95%,,,,49.71%,,,,49.71%,,,,,,,49.71%,50.95%,49.71%,,,,50.93%,49.78%,,,,,,49.78%,,49.78%,49.78%,50.93%,,,,,49.78%,,49.78%,,49.78%,49.78%,,,,,,,50.95%,50.95%,,50.95%,,,49.75%,,,,49.75%,50.97%,,,49.79%,,,50.96%,,50.96%,,,50.96%,50.96%,,,,,51.00%,,51.00%,51.00%,49.92%,,,,,,,51.00%,
akshan,,52.49%,52.49%,,,,52.49%,52.49%,,,52.49%,52.49%,,,,,,,,,52.49%,,,,,,,,,,,,,52.47%,52.47%,,,,,,,,,52.47%,,,,,,,,,,,,,,52.49%,52.49%,,,,,,,,,52.49%,,,,52.49%,,,,,52.40%,,,,,,,,,,,,,,,,52.40%,,,,,52.43%,,,,,,,,,,,52.43%,,,,,,,,,,,,,,,,,52.43%,52.43%,,52.43%,,,,,,,,52.49%,,,,,,52.51%,,52.51%,,,52.51%,52.51%,,,,,52.58%,,52.58%,52.58%,,,,,,,,52.58%,
alistar,,,,,,,,,,,,,51.10%,,51.10%,51.10%,51.10%,,,,,,,,,,,,,,,,,,,,,,,,,,,,,,,51.10%,,,,,,,,51.08%,,,,,,,,,,,,,,51.08%,,,,51.08%,51.08%,,,51.08%,51.08%,,,51.08%,,51.08%,,51.08%,51.08%,,,,,,,,,51.08%,51.08%,,,51.09%,,,51.09%,51.09%,,,,,,,,,51.09%,,,,,,,,,,51.11%,51.11%,51.11%,,,51.11%,,,51.11%,,51.11%,,,,,,,,,,,51.13%,,,,,,,,,,,,,,,51.16%,,,,,51.16%,,51.18%
amumu,,,,,,,,,,,,,,49.89%,,,,49.89%,,,,,,,49.86%,,,49.86%,49.86%,49.86%,,49.86%,,,,,,,,49.86%,,49.86%,,,,,49.86%,,49.82%,,,,,,,,49.82%,,,,49.82%,,49.82%,49.82%,,,,,49.82%,,49.82%,,,,,,,,,,,,49.90%,,,,,49.90%,,49.90%,49.90%,,,,49.90%,,,,,,49.92%,49.92%,,,,49.92%,,,,,49.92%,,,,49.92%,,49.92%,,,,49.92%,,,,,,,,,49.90%,,,,,49.90%,,,,49.91%,,,,,,,49.87%,49.87%,,,49.87%,49.87%,,,,49.87%,,,,,49.87%,49.87%,,,,,
anivia,,52.39%,52.39%,52.39%,,,,52.39%,,,52.39%,52.39%,,,,,,,,,52.39%,,,,,,,,,,,,,52.46%,52.46%,,,,,,,,,52.46%,,,,,,,,,,,,,,52.45%,52.45%,,,,,,,,,52.45%,,,,52.45%,,,,,52.46%,,,,,,,,,,,,,,,,52.46%,,,,,52.45%,,,,,,,,,,,52.45%,,,,,,,,,,,,,,,,,52.50%,52.50%,,52.50%,,,,,,,,52.48%,,,,,,52.53%,,52.53%,,,52.53%,52.53%,,,,,52.41%,,52.41%,52.41%,,,,,,,,52.41%,
annie,,51.85%,51.85%,51.85%,,,51.85%,,,,51.85%,51.85%,,,,,,,,,51.85%,,,,,,,,,,,,,51.88%,51.88%,,,,,,,,,51.88%,,,,,,,,,,,,,,51.88%,51.88%,,,,,,,,,51.88%,,,,51.88%,,,,,51.85%,,,,,,,,,,,,,,,,51.85%,,,,,51.86%,,,,,,,,,,,51.86%,,,,,,,,,,,,,,,,,51.88%,51.88%,,51.88%,,,,,,,,51.98%,,,,,,52.02%,,52.02%,,,52.02%,52.02%,,,,,52.05%,,52.05%,52.05%,,,,,,,,52.05%,
aphelios,,,,,,,,,,50.14%,,,,,,,,,50.14%,,,,50.14%,,,50.12%,,,,,50.12%,,,,,,,,,,,,,,,,,,,,,50.11%,50.11%,50.11%,50.11%,,,,,,,,,,,50.11%,,,,,,,50.11%,,,,,,,50.10%,,,,,,,,,50.10%,,,,,,,,,,,,,,,,,,,,,50.14%,,50.14%,,,,,,,,50.14%,,50.14%,,,,,,,,,,,,50.14%,,,,50.19%,,,50.17%,50.17%,,,,,,,,,,,50.20%,,,,,,,,,50.20%,50.20%,,,
ashe,,,,,45.28%,,,,50.67%,,,,45.28%,,45.28%,45.28%,45.28%,,50.67%,,,,50.67%,,,50.72%,,,,,50.72%,,,,,,,,,,,,,,,,,45.13%,,,,50.73%,50.73%,50.73%,50.73%,45.23%,,,,,,,,,,50.73%,,,,45.23%,,,50.73%,45.21%,45.21%,,,45.21%,45.21%,50.75%,,45.21%,,45.21%,,45.21%,45.21%,,50.75%,,,,,,,45.21%,45.31%,,,45.31%,,,45.31%,45.31%,,,,,,50.74%,,50.74%,45.31%,,,,,,,50.74%,,50.75%,45.28%,45.28%,45.28%,,,45.28%,,,45.28%,,45.28%,50.75%,,,,50.78%,,,50.78%,50.78%,,45.34%,,,,,,,,,50.75%,,,,,,45.27%,,,50.75%,50.75%,45.27%,,45.27%
aurelionsol,,51.10%,51.10%,51.10%,,,51.10%,51.10%,,,,51.10%,,,,,,,,,51.10%,,,,,,,,,,,,,51.11%,51.11%,,,,,,,,,51.11%,,,,,,,,,,,,,,51.05%,51.05%,,,,,,,,,51.05%,,,,51.05%,,,,,51.11%,,,,,,,,,,,,,,,,51.11%,,,,,51.06%,,,,,,,,,,,51.06%,,,,,,,,,,,,,,,,,51.05%,51.05%,,51.05%,,,,,,,,51.04%,,,,,,51.08%,,51.08%,,,51.08%,51.08%,,,,,51.11%,,51.11%,51.11%,,,,,,,,51.11%,
azir,,47.27%,47.27%,47.27%,,,47.27%,47.27%,,,47.27%,,,,,,,,,,47.27%,,,,,,,,,,,,,47.26%,47.26%,,,,,,,,,47.26%,,,,,,,,,,,,,,47.24%,47.24%,,,,,,,,,47.24%,,,,47.24%,,,,,47.22%,,,,,,,,,,,,,,,,47.22%,,,,,47.21%,,,,,,,,,,,47.21%,,,,,,,,,,,,,,,,,47.22%,47.22%,,47.22%,,,,,,,,47.18%,,,,,,47.21%,,47.21%,,,47.21%,47.21%,,,,,47.18%,,47.18%,47.18%,,,,,,,,47.18%,
bard,,,,,51.04%,,,,,,,,,,51.04%,51.04%,51.04%,,,,,,,,,,,,,,,,,,,,,,,,,,,,,,,51.07%,,,,,,,,51.11%,,,,,,,,,,,,,,51.11%,,,,51.13%,51.13%,,,51.13%,51.13%,,,51.13%,,51.13%,,51.13%,51.13%,,,,,,,,,51.13%,51.16%,,,51.16%,,,51.16%,51.16%,,,,,,,,,51.16%,,,,,,,,,,51.14%,51.14%,51.14%,,,51.14%,,,51.14%,,51.14%,,,,,,,,,,,51.19%,,,,,,,,,,,,,,,51.19%,,,,,51.19%,,51.20%
belveth,,,,,,51.17%,,,,,,,,,,,,51.17%,,,,,,,51.17%,,,51.11%,51.11%,51.11%,,51.11%,,,,,,,,51.11%,,51.11%,,,,,51.11%,,51.11%,,,,,,,,51.15%,,,,51.15%,,51.15%,51.15%,,,,,51.15%,,51.15%,,,,,,,,,,,,51.21%,,,,,51.21%,,51.21%,51.21%,,,,51.21%,,,,,,51.26%,51.26%,,,,51.26%,,,,,51.26%,,,,51.26%,,51.26%,,,,51.26%,,,,,,,,,51.24%,,,,,51.24%,,,,51.24%,,,,,,,51.24%,51.24%,,,51.24%,51.24%,,,,51.25%,,,,,51.25%,51.25%,,,,,
blitzcrank,,,,,50.76%,,,,,,,,50.76%,,,50.76%,50.76%,,,,,,,,,,,,,,,,,,,,,,,,,,,,,,,50.71%,,,,,,,,50.70%,,,,,,,,,,,,,,50.70%,,,,50.72%,50.72%,,,50.72%,50.72%,,,50.72%,,50.72%,,50.72%,50.72%,,,,,,,,,50.72%,50.72%,,,50.73%,,,50.73%,50.73%,,,,,,,,,50.73%,,,,,,,,,,50.74%,50.74%,50.74%,,,50.74%,,,50.74%,,50.74%,,,,,,,,,,,50.68%,,,,,,,,,,,,,,,50.70%,,,,,50.70%,,50.70%
brand,,,,,48.81%,,,,,,,,48.81%,,48.81%,,48.81%,,,,,,,,,,,,,,,,,,,,,,,,,,,,,,,48.76%,,,,,,,,48.82%,,,,,,,,,,,,,,48.82%,,,,48.86%,48.86%,,,48.86%,48.86%,,,48.86%,,48.86%,,48.86%,48.86%,,,,,,,,,48.86%,48.89%,,,48.89%,,,48.89%,48.89%,,,,,,,,,48.89%,,,,,,,,,,48.83%,48.83%,48.83%,,,48.83%,,,48.83%,,48.83%,,,,,,,,,,,48.83%,,,,,,,,,,,,,,,48.81%,,,,,48.81%,,48.81%
braum,,,,,52.49%,,,,,,,,52.49%,,52.49%,52.49%,,,,,,,,,,,,,,,,,,,,,,,,,,,,,,,,52.48%,,,,,,,,52.46%,,,,,,,,,,,,,,52.46%,,,,52.43%,52.43%,,,52.43%,52.43%,,,52.43%,,52.43%,,52.43%,52.43%,,,,,,,,,52.43%,52.43%,,,52.37%,,,52.37%,52.37%,,,,,,,,,52.37%,,,,,,,,,,52.36%,52.36%,52.36%,,,52.36%,,,52.36%,,52.36%,,,,,,,,,,,52.40%,,,,,,,,,,,,,,,52.42%,,,,,52.42%,,52.42%
briar,,,,,,52.59%,,,,,,,,52.59%,,,,,,,,,,,52.58%,,,52.58%,52.58%,52.58%,,52.58%,,,,,,,,52.58%,,52.58%,,,,,52.58%,,52.54%,,,,,,,,52.54%,,,,52.54%,,52.54%,52.54%,,,,,52.54%,,52.54%,,,,,,,,,,,,52.51%,,,,,52.51%,,52.51%,52.51%,,,,52.51%,,,,,,52.47%,52.47%,,,,52.47%,,,,,52.47%,,,,52.47%,,52.47%,,,,52.47%,,,,,,,,,52.47%,,,,,52.47%,,,,52.44%,,,,,,,52.46%,52.46%,,,52.46%,52.46%,,,,52.46%,,,,,52.46%,52.46%,,,,,
caitlyn,,,,,,,,,49.89%,49.89%,,,,,,,,,,,,,49.89%,,,49.90%,,,,,49.90%,,,,,,,,,,,,,,,,,,,,,49.89%,49.89%,49.89%,49.89%,,,,,,,,,,,49.89%,,,,,,,49.88%,,,,,,,49.88%,,,,,,,,,49.88%,,,,,,,,,,,,,,,,,,,,,49.90%,,49.90%,,,,,,,,49.90%,,49.90%,,,,,,,,,,,,49.90%,,,,49.97%,,,49.99%,49.99%,,,,,,,,,,,49.94%,,,,,,,,,49.94%,49.94%,,,
camille,51.15%,,,,,,,,,,,,,,,,,,,,,51.15%,,51.15%,,,51.13%,,,,,,51.13%,,,51.13%,51.13%,51.13%,51.13%,,51.13%,,51.13%,,51.13%,51.13%,,,,51.15%,51.15%,,,,,,,,,51.15%,,51.15%,,,51.15%,,51.15%,,,,,,,,,51.16%,,,,,51.16%,,,,51.16%,,,,,,,51.16%,,51.16%,,,,,51.16%,,,,,,51.16%,,51.16%,51.16%,,,,,,51.16%,,51.16%,,51.16%,51.16%,,,,,,,,,,,,,51.17%,,,,51.17%,,,,51.20%,,,,,,,,,,,,,,,,,,51.14%,,,,,,,,
cassiopeia,51.01%,51.10%,51.10%,51.10%,,,51.10%,51.10%,,,51.10%,51.10%,,,,,,,,51.01%,,51.01%,,51.01%,,,51.16%,,,,,,51.16%,51.13%,51.13%,51.16%,51.16%,51.16%,51.16%,,51.16%,,51.16%,51.13%,51.16%,51.16%,,,,51.32%,51.32%,,,,,,,51.16%,51.16%,51.32%,,51.32%,,,51.32%,,51.32%,51.16%,,,,51.16%,,,,51.32%,51.17%,,,,51.32%,,,,51.32%,,,,,,,51.32%,51.17%,51.32%,,,,51.16%,51.43%,,,,,,51.43%,,51.43%,51.43%,51.16%,,,,,51.43%,,51.43%,,51.43%,51.43%,,,,,,,51.12%,51.12%,,51.12%,,,51.52%,,,,51.52%,51.17%,,,51.66%,,,51.17%,,51.17%,,,51.17%,51.17%,,,,,51.04%,,51.04%,51.04%,51.75%,,,,,,,51.04%,
chogath,51.77%,50.89%,50.89%,50.89%,,,50.89%,50.89%,,,50.89%,50.89%,,,,,,,,51.77%,50.89%,,,51.77%,,,51.78%,,,,,,51.78%,50.72%,50.72%,51.78%,51.78%,51.78%,51.78%,,51.78%,,51.78%,50.72%,51.78%,51.78%,,,,51.78%,51.78%,,,,,,,50.66%,50.66%,51.78%,,51.78%,,,51.78%,,51.78%,50.66%,,,,50.66%,,,,51.79%,50.52%,,,,51.79%,,,,51.79%,,,,,,,51.79%,50.52%,51.79%,,,,50.64%,51.78%,,,,,,51.78%,,51.78%,51.78%,50.64%,,,,,51.78%,,51.78%,,51.78%,51.78%,,,,,,,50.71%,50.71%,,50.71%,,,51.76%,,,,51.76%,50.82%,,,51.82%,,,50.75%,,50.75%,,,50.75%,50.75%,,,,,50.80%,,50.80%,50.80%,51.84%,,,,,,,50.80%,
corki,,45.49%,45.49%,45.49%,,,45.49%,45.49%,49.50%,49.50%,45.49%,45.49%,,,,,,,49.50%,,45.49%,,,,,49.57%,,,,,49.57%,,,45.49%,45.49%,,,,,,,,,45.49%,,,,,,,,49.51%,49.51%,49.51%,49.51%,,,45.47%,45.47%,,,,,,,49.51%,,45.47%,,,,45.47%,49.51%,,,,45.47%,,,49.46%,,,,,,,,,49.46%,,,,45.47%,,,,,45.52%,,,,,,,,,,,45.52%,49.46%,,49.46%,,,,,,,,49.46%,,49.39%,,,,45.59%,45.59%,,45.59%,,,,,49.39%,,,45.47%,49.40%,,,49.42%,49.42%,45.51%,,45.51%,,,45.51%,45.51%,,,,49.36%,45.53%,,45.53%,45.53%,,,,,49.36%,49.36%,,45.53%,
darius,50.08%,,,,,,,,,,,,,,,,,,,50.08%,,50.08%,,,,,50.04%,,,,,,50.04%,,,50.04%,50.04%,50.04%,50.04%,,50.04%,,50.04%,,50.04%,50.04%,,,,50.09%,50.09%,,,,,,,,,50.09%,,50.09%,,,50.09%,,50.09%,,,,,,,,,50.09%,,,,,50.09%,,,,50.09%,,,,,,,50.09%,,50.09%,,,,,50.08%,,,,,,50.08%,,50.08%,50.08%,,,,,,50.08%,,50.08%,,50.08%,50.08%,,,,,,,,,,,,,50.11%,,,,50.11%,,,,50.12%,,,,,,,,,,,,,,,,,,50.14%,,,,,,,,
diana,,51.71%,51.71%,51.71%,,51.17%,51.71%,51.71%,,,51.71%,51.71%,,51.17%,,,,51.17%,,,51.71%,,,,,,,51.16%,51.16%,51.16%,,51.16%,,51.70%,51.70%,,,,,51.16%,,51.16%,,51.70%,,,51.16%,,51.17%,,,,,,,,51.17%,51.75%,51.75%,,51.17%,,51.17%,51.17%,,,,51.75%,51.17%,,51.17%,51.75%,,,,,51.76%,,,,,,51.14%,,,,,51.14%,,51.14%,51.14%,,51.76%,,51.14%,,,51.77%,,,51.17%,51.17%,,,,51.17%,,,51.77%,,51.17%,,,,51.17%,,51.17%,,,,51.17%,,,,,51.80%,51.80%,,51.80%,51.14%,,,,,51.14%,,51.79%,,51.19%,,,,51.84%,,51.84%,51.20%,51.20%,51.84%,51.84%,51.20%,51.20%,,,51.83%,51.19%,51.83%,51.83%,,,51.19%,51.19%,,,,51.83%,
draven,,,,,,,,,49.66%,49.66%,,,,,,,,,49.66%,,,,49.66%,,,,,,,,49.64%,,,,,,,,,,,,,,,,,,,,,49.66%,49.66%,49.66%,49.66%,,,,,,,,,,,49.66%,,,,,,,49.67%,,,,,,,49.67%,,,,,,,,,49.67%,,,,,,,,,,,,,,,,,,,,,49.66%,,49.66%,,,,,,,,49.66%,,49.65%,,,,,,,,,,,,49.65%,,,,49.61%,,,49.58%,49.58%,,,,,,,,,,,49.56%,,,,,,,,,49.56%,49.56%,,,
drmundo,50.49%,,,,,49.03%,,,,,,,,49.03%,,,,49.03%,,50.49%,,50.49%,,50.49%,49.03%,,,49.06%,49.06%,49.06%,,49.06%,50.50%,,,50.50%,50.50%,50.50%,50.50%,49.06%,50.50%,49.06%,50.50%,,50.50%,50.50%,49.06%,,49.06%,50.47%,50.47%,,,,,,49.09%,,,50.47%,49.09%,50.47%,49.09%,49.09%,50.47%,,50.47%,,49.09%,,49.09%,,,,,50.47%,,,,,50.47%,,49.05%,,50.47%,,,49.05%,,49.05%,49.05%,50.47%,,50.47%,49.05%,,,,50.44%,,49.10%,49.10%,,,50.44%,49.10%,50.44%,50.44%,,,49.10%,,,50.44%,49.10%,50.44%,49.10%,50.44%,50.44%,,49.10%,,,,,,,,,49.01%,,50.45%,,,49.01%,50.45%,,,48.96%,50.42%,,,,,,48.94%,48.94%,,,48.94%,48.94%,,,,48.96%,,,50.41%,,48.96%,48.96%,,,,,
ekko,,50.98%,50.98%,50.98%,,51.49%,50.98%,50.98%,,,50.98%,50.98%,,51.49%,,,,51.49%,,,50.98%,,,,51.52%,,,,51.52%,51.52%,,51.52%,,50.98%,50.98%,,,,,51.52%,,51.52%,,50.98%,,,51.52%,,51.56%,,,,,,,,51.56%,50.97%,50.97%,,51.56%,,51.56%,51.56%,,,,50.97%,51.56%,,51.56%,50.97%,,,,,51.01%,,,,,,51.60%,,,,,51.60%,,51.60%,51.60%,,51.01%,,51.60%,,,51.02%,,,51.58%,51.58%,,,,51.58%,,,51.02%,,51.58%,,,,51.58%,,51.58%,,,,51.58%,,,,,51.05%,51.05%,,51.05%,51.59%,,,,,51.59%,,51.07%,,51.58%,,,,51.10%,,51.10%,51.57%,51.57%,51.10%,51.10%,51.57%,51.57%,,,51.08%,51.56%,51.08%,51.08%,,,51.56%,51.56%,,,,51.08%,
elise,,,,,52.55%,50.84%,,,,,,,52.55%,50.84%,52.55%,52.55%,52.55%,50.84%,,,,,,,50.82%,,,50.82%,,50.82%,,50.82%,,,,,,,,50.82%,,50.82%,,,,,50.82%,52.59%,50.83%,,,,,,,52.56%,50.83%,,,,50.83%,,50.83%,50.83%,,,,,50.83%,52.56%,50.83%,,,52.54%,52.54%,,,52.54%,52.54%,,,52.54%,50.77%,52.54%,,52.54%,52.54%,50.77%,,50.77%,50.77%,,,,50.77%,52.54%,52.55%,,,52.55%,50.76%,50.76%,52.55%,52.55%,,50.76%,,,,,50.76%,,52.55%,,50.76%,,50.76%,,,,50.76%,,52.57%,52.57%,52.57%,,,52.57%,,50.80%,52.57%,,52.57%,,50.80%,,,,50.76%,,,,,52.50%,,50.74%,50.74%,,,50.74%,50.74%,,,,50.73%,,,,52.50%,50.73%,50.73%,,,52.50%,,52.47%
evelynn,,,,,,51.04%,,,,,,,,51.04%,,,,51.04%,,,,,,,51.00%,,,51.00%,51.00%,,,51.00%,,,,,,,,51.00%,,51.00%,,,,,51.00%,,51.06%,,,,,,,,51.06%,,,,51.06%,,51.06%,51.06%,,,,,51.06%,,51.06%,,,,,,,,,,,,51.04%,,,,,51.04%,,51.04%,51.04%,,,,51.04%,,,,,,51.04%,51.04%,,,,51.04%,,,,,51.04%,,,,51.04%,,51.04%,,,,51.04%,,,,,,,,,50.97%,,,,,50.97%,,,,50.94%,,,,,,,50.97%,50.97%,,,50.97%,50.97%,,,,50.97%,,,,,50.97%,50.97%,,,,,
ezreal,,,,,,,,,48.38%,48.38%,,,,,,,,,48.38%,,,,48.38%,,,48.36%,,,,,,,,,,,,,,,,,,,,,,,,,,48.37%,48.37%,48.37%,48.37%,,,,,,,,,,,48.37%,,,,,,,48.37%,,,,,,,48.35%,,,,,,,,,48.35%,,,,,,,,,,,,,,,,,,,,,48.37%,,48.37%,,,,,,,,48.37%,,48.35%,,,,,,,,,,,,48.35%,,,,48.35%,,,48.36%,48.36%,,,,,,,,,,,48.37%,,,,,,,,,48.37%,48.37%,,,
fiddlesticks,,,,,51.20%,52.24%,,,,,,,51.20%,52.24%,51.20%,51.20%,51.20%,52.24%,,,,,,,52.29%,,,52.29%,52.29%,52.29%,,,,,,,,,,52.29%,,52.29%,,,,,52.29%,51.18%,52.25%,,,,,,,51.17%,52.25%,,,,52.25%,,52.25%,52.25%,,,,,52.25%,51.17%,52.25%,,,51.12%,51.12%,,,51.12%,51.12%,,,51.12%,52.30%,51.12%,,51.12%,51.12%,52.30%,,52.30%,52.30%,,,,52.30%,51.12%,51.13%,,,51.13%,52.31%,52.31%,51.13%,51.13%,,52.31%,,,,,52.31%,,51.13%,,52.31%,,52.31%,,,,52.31%,,51.10%,51.10%,51.10%,,,51.10%,,52.28%,51.10%,,51.10%,,52.28%,,,,52.23%,,,,,51.17%,,52.18%,52.18%,,,52.18%,52.18%,,,,52.25%,,,,51.19%,52.25%,52.25%,,,51.19%,,51.21%
fiora,51.42%,,,,,,,,,,,,,,,,,,,51.42%,,51.42%,,51.42%,,,51.39%,,,,,,,,,51.39%,51.39%,51.39%,51.39%,,51.39%,,51.39%,,51.39%,51.39%,,,,51.38%,51.38%,,,,,,,,,51.38%,,51.38%,,,51.38%,,51.38%,,,,,,,,,51.40%,,,,,51.40%,,,,51.40%,,,,,,,51.40%,,51.40%,,,,,51.35%,,,,,,51.35%,,51.35%,51.35%,,,,,,51.35%,,51.35%,,51.35%,51.35%,,,,,,,,,,,,,51.30%,,,,51.30%,,,,51.21%,,,,,,,,,,,,,,,,,,51.19%,,,,,,,,
fizz,,50.26%,50.26%,50.26%,,,50.26%,50.26%,,,50.26%,50.26%,,,,,,,,,50.26%,,,,,,,,,,,,,,50.29%,,,,,,,,,50.29%,,,,,,,,,,,,,,50.29%,50.29%,,,,,,,,,50.29%,,,,50.29%,,,,,50.25%,,,,,,,,,,,,,,,,50.25%,,,,,50.30%,,,,,,,,,,,50.30%,,,,,,,,,,,,,,,,,50.35%,50.35%,,50.35%,,,,,,,,50.31%,,,,,,50.29%,,50.29%,,,50.29%,50.29%,,,,,50.26%,,50.26%,50.26%,,,,,,,,50.26%,
galio,48.95%,51.26%,51.26%,51.26%,50.94%,,51.26%,51.26%,,,51.26%,51.26%,50.94%,,50.94%,50.94%,50.94%,,,48.95%,51.26%,48.95%,,48.95%,,,48.93%,,,,,,48.93%,51.28%,,48.93%,48.93%,48.93%,48.93%,,48.93%,,48.93%,51.28%,48.93%,48.93%,,50.92%,,48.98%,48.98%,,,,,50.89%,,51.23%,51.23%,48.98%,,48.98%,,,48.98%,,48.98%,51.23%,,50.89%,,51.23%,,50.98%,50.98%,48.97%,51.26%,50.98%,50.98%,,48.97%,50.98%,,50.98%,48.97%,50.98%,50.98%,,,,,48.97%,51.26%,48.97%,,50.98%,50.98%,51.28%,48.96%,50.93%,,,50.93%,50.93%,48.96%,,48.96%,48.96%,51.28%,,,,50.93%,48.96%,,48.96%,,48.96%,48.96%,,,,50.96%,50.96%,50.96%,51.31%,51.31%,50.96%,51.31%,,50.96%,49.02%,50.96%,,,49.02%,51.35%,,,48.92%,,,51.41%,50.99%,51.41%,,,51.41%,51.41%,,,,,51.43%,,51.43%,51.43%,48.86%,50.93%,,,,,50.93%,51.43%,51.00%
gangplank,50.85%,52.04%,52.04%,52.04%,,,52.04%,52.04%,,,52.04%,52.04%,,,,,,,,50.85%,52.04%,50.85%,,50.85%,,,50.83%,,,,,,50.83%,51.90%,51.90%,,50.83%,50.83%,50.83%,,50.83%,,50.83%,51.90%,50.83%,50.83%,,,,50.81%,50.81%,,,,,,,51.97%,51.97%,50.81%,,50.81%,,,50.81%,,50.81%,51.97%,,,,51.97%,,,,50.78%,51.87%,,,,50.78%,,,,50.78%,,,,,,,50.78%,51.87%,50.78%,,,,51.87%,50.75%,,,,,,50.75%,,50.75%,50.75%,51.87%,,,,,50.75%,,50.75%,,50.75%,50.75%,,,,,,,51.87%,51.87%,,51.87%,,,50.76%,,,,50.76%,51.82%,,,50.80%,,,51.89%,,51.89%,,,51.89%,51.89%,,,,,51.94%,,51.94%,51.94%,50.79%,,,,,,,51.94%,
garen,50.47%,,,,,,,,,,,,,,,,,,,50.47%,,50.47%,,50.47%,,,50.51%,,,,,,50.51%,,,50.51%,,50.51%,50.51%,,50.51%,,50.51%,,50.51%,50.51%,,,,50.49%,50.49%,,,,,,,,,50.49%,,50.49%,,,50.49%,,50.49%,,,,,,,,,50.53%,,,,,50.53%,,,,50.53%,,,,,,,50.53%,,50.53%,,,,,50.53%,,,,,,50.53%,,50.53%,50.53%,,,,,,50.53%,,50.53%,,50.53%,50.53%,,,,,,,,,,,,,50.48%,,,,50.48%,,,,50.48%,,,,,,,,,,,,,,,,,,50.49%,,,,,,,,
gnar,49.48%,,,,,,,,,,,,,,,,,,,49.48%,,49.48%,,49.48%,,,49.49%,,,,,,49.49%,,,49.49%,49.49%,,49.49%,,49.49%,,49.49%,,49.49%,49.49%,,,,49.44%,49.44%,,,,,,,,,49.44%,,49.44%,,,49.44%,,49.44%,,,,,,,,,49.44%,,,,,49.44%,,,,49.44%,,,,,,,49.44%,,49.44%,,,,,49.42%,,,,,,49.42%,,49.42%,49.42%,,,,,,49.42%,,49.42%,,49.42%,49.42%,,,,,,,,,,,,,49.39%,,,,49.39%,,,,49.38%,,,,,,,,,,,,,,,,,,49.36%,,,,,,,,
gragas,50.69%,50.84%,50.84%,50.84%,,50.96%,50.84%,50.84%,,,50.84%,50.84%,,50.96%,,,,50.96%,,50.69%,50.84%,50.69%,,50.69%,50.97%,,50.73%,50.97%,50.97%,50.97%,,50.97%,50.73%,50.98%,50.98%,50.73%,50.73%,50.73%,,50.97%,50.73%,50.97%,50.73%,50.98%,50.73%,50.73%,50.97%,,50.95%,50.75%,50.75%,,,,,,50.95%,50.99%,50.99%,50.75%,50.95%,50.75%,50.95%,50.95%,50.75%,,50.75%,50.99%,50.95%,,50.95%,50.99%,,,,50.75%,50.88%,,,,50.75%,,50.90%,,50.75%,,,50.90%,,50.90%,50.90%,50.75%,50.88%,50.75%,50.90%,,,50.85%,50.78%,,50.97%,50.97%,,,50.78%,50.97%,50.78%,50.78%,50.85%,,50.97%,,,50.78%,50.97%,50.78%,50.97%,50.78%,50.78%,,50.97%,,,,,50.94%,50.94%,,50.94%,50.87%,,50.77%,,,50.87%,50.77%,50.92%,,50.85%,50.80%,,,50.89%,,50.89%,50.92%,50.92%,50.89%,50.89%,50.92%,50.92%,,,51.00%,50.88%,51.00%,51.00%,50.81%,,50.88%,50.88%,,,,51.00%,
graves,,,,,,49.66%,,,,,,,,49.66%,,,,49.66%,,,,,,,49.66%,,,49.66%,49.66%,49.66%,,49.66%,,,,,,,,,,49.66%,,,,,49.66%,,49.64%,,,,,,,,49.64%,,,,49.64%,,49.64%,49.64%,,,,,49.64%,,49.64%,,,,,,,,,,,,49.63%,,,,,49.63%,,49.63%,49.63%,,,,49.63%,,,,,,49.65%,49.65%,,,,49.65%,,,,,49.65%,,,,49.65%,,49.65%,,,,49.65%,,,,,,,,,49.65%,,,,,49.65%,,,,49.68%,,,,,,,49.69%,49.69%,,,49.69%,49.69%,,,,49.69%,,,,,49.69%,49.69%,,,,,
gwen,49.90%,,,,,50.93%,,,,,,,,50.93%,,,,50.93%,,49.94%,,49.94%,,49.94%,50.90%,,49.91%,50.90%,50.90%,50.90%,,50.90%,49.91%,,,49.91%,49.91%,49.91%,49.91%,50.90%,,50.90%,49.91%,,49.91%,49.91%,50.90%,,50.83%,49.88%,49.88%,,,,,,50.83%,,,49.88%,50.83%,49.88%,50.83%,50.83%,49.88%,,49.88%,,50.83%,,50.83%,,,,,49.93%,,,,,49.93%,,50.83%,,49.93%,,,50.83%,,50.83%,50.83%,49.93%,,49.93%,50.83%,,,,49.99%,,50.89%,50.89%,,,49.99%,50.89%,49.99%,49.99%,,,50.89%,,,49.99%,50.89%,49.99%,50.89%,49.99%,49.99%,,50.89%,,,,,,,,,50.84%,,49.95%,,,50.84%,49.95%,,,50.89%,49.91%,,,,,,50.94%,50.94%,,,50.94%,50.94%,,,,50.91%,,,49.90%,,50.91%,50.91%,,,,,
hecarim,,,,,,49.85%,,,,,,,,49.85%,,,,49.85%,,,,,,,49.79%,,,49.79%,49.79%,49.79%,,49.79%,,,,,,,,49.79%,,,,,,,49.79%,,49.79%,,,,,,,,49.79%,,,,49.79%,,49.79%,49.79%,,,,,49.79%,,49.79%,,,,,,,,,,,,49.84%,,,,,49.84%,,49.84%,49.84%,,,,49.84%,,,,,,49.81%,49.81%,,,,49.81%,,,,,49.81%,,,,49.81%,,49.81%,,,,49.81%,,,,,,,,,49.82%,,,,,49.82%,,,,49.85%,,,,,,,49.85%,49.85%,,,49.85%,49.85%,,,,49.87%,,,,,49.87%,49.87%,,,,,
heimerdinger,52.80%,,,,,,,,,,,,,,,,,,,52.80%,,52.80%,,52.80%,,,52.80%,,,,,,52.80%,,,52.80%,52.80%,52.80%,52.80%,,52.80%,,,,52.80%,52.80%,,,,52.81%,52.81%,,,,,,,,,52.81%,,52.81%,,,52.81%,,52.81%,,,,,,,,,52.74%,,,,,52.74%,,,,52.74%,,,,,,,52.74%,,52.74%,,,,,52.79%,,,,,,52.79%,,52.79%,52.79%,,,,,,52.79%,,52.79%,,52.79%,52.79%,,,,,,,,,,,,,52.87%,,,,52.87%,,,,53.05%,,,,,,,,,,,,,,,,,,53.11%,,,,,,,,
hwei,,50.45%,50.45%,50.45%,48.97%,,50.45%,50.45%,52.22%,52.22%,50.45%,50.45%,48.97%,,48.97%,48.97%,48.97%,,52.22%,,50.45%,,52.22%,,,52.20%,,,,,52.20%,,,50.40%,50.40%,,,,,,,,,,,,,49.04%,,,,52.18%,52.18%,52.18%,52.18%,49.06%,,50.40%,50.40%,,,,,,,52.18%,,50.40%,,49.06%,,50.40%,52.18%,48.99%,48.99%,,50.37%,48.99%,48.99%,52.18%,,48.99%,,48.99%,,48.99%,48.99%,,52.18%,,,,50.37%,,,48.99%,49.16%,50.33%,,49.16%,,,49.16%,49.16%,,,,,50.33%,52.09%,,52.09%,49.16%,,,,,,,52.09%,,52.14%,49.03%,49.03%,49.03%,50.33%,50.33%,49.03%,50.33%,,49.03%,,49.03%,52.14%,,,50.23%,52.20%,,,52.36%,52.36%,50.25%,48.95%,50.25%,,,50.25%,50.25%,,,,52.26%,50.23%,,50.23%,50.23%,,48.93%,,,52.26%,52.26%,48.93%,50.23%,48.88%
illaoi,49.44%,,,,,,,,,,,,,,,,,,,49.44%,,49.44%,,49.44%,,,49.43%,,,,,,49.43%,,,49.43%,49.43%,49.43%,49.43%,,49.43%,,49.43%,,,49.43%,,,,49.41%,49.41%,,,,,,,,,49.41%,,49.41%,,,49.41%,,49.41%,,,,,,,,,49.39%,,,,,49.39%,,,,49.39%,,,,,,,49.39%,,49.39%,,,,,49.48%,,,,,,49.48%,,49.48%,49.48%,,,,,,49.48%,,49.48%,,49.48%,49.48%,,,,,,,,,,,,,49.46%,,,,49.46%,,,,49.41%,,,,,,,,,,,,,,,,,,49.42%,,,,,,,,
irelia,51.32%,49.42%,49.42%,49.42%,,,49.42%,49.42%,,,49.42%,49.42%,,,,,,,,51.32%,49.42%,51.32%,,51.32%,,,51.33%,,,,,,51.33%,49.45%,49.45%,51.33%,51.33%,51.33%,51.33%,,51.33%,,51.33%,49.45%,51.33%,,,,,51.32%,51.32%,,,,,,,49.49%,49.49%,51.32%,,51.32%,,,51.32%,,51.32%,49.49%,,,,49.49%,,,,51.34%,49.50%,,,,51.34%,,,,51.34%,,,,,,,51.34%,49.50%,51.34%,,,,49.53%,51.35%,,,,,,51.35%,,51.35%,51.35%,49.53%,,,,,51.35%,,51.35%,,51.35%,51.35%,,,,,,,49.50%,49.50%,,49.50%,,,51.35%,,,,51.35%,49.49%,,,51.37%,,,49.57%,,49.57%,,,49.57%,49.57%,,,,,49.59%,,49.59%,49.59%,51.37%,,,,,,,49.59%,
ivern,,,,,,52.00%,,,,,,,,52.00%,,,,52.00%,,,,,,,52.00%,,,51.99%,51.99%,51.99%,,51.99%,,,,,,,,51.99%,,51.99%,,,,,,,51.99%,,,,,,,,51.99%,,,,51.99%,,51.99%,51.99%,,,,,51.99%,,51.99%,,,,,,,,,,,,51.95%,,,,,51.95%,,51.95%,51.95%,,,,51.95%,,,,,,51.97%,51.97%,,,,51.97%,,,,,51.97%,,,,51.97%,,51.97%,,,,51.97%,,,,,,,,,52.00%,,,,,52.00%,,,,51.92%,,,,,,,51.89%,51.89%,,,51.89%,51.89%,,,,51.86%,,,,,51.86%,51.86%,,,,,
janna,,,,,52.40%,,,,,,,,52.40%,,52.40%,52.40%,52.40%,,,,,,,,,,,,,,,,,,,,,,,,,,,,,,,,,,,,,,,52.38%,,,,,,,,,,,,,,52.38%,,,,52.37%,52.37%,,,52.37%,52.37%,,,52.37%,,52.37%,,52.37%,52.37%,,,,,,,,,52.37%,52.34%,,,52.34%,,,52.34%,52.34%,,,,,,,,,52.34%,,,,,,,,,,52.38%,52.38%,52.38%,,,52.38%,,,52.38%,,52.38%,,,,,,,,,,,52.35%,,,,,,,,,,,,,,,52.30%,,,,,52.30%,,52.29%
jarvaniv,,,,,,51.85%,,,,,,,,51.85%,,,,51.85%,,,,,,,51.87%,,,51.87%,51.87%,51.87%,,51.87%,,,,,,,,51.87%,,51.87%,,,,,51.87%,,,,,,,,,,51.88%,,,,51.88%,,51.88%,51.88%,,,,,51.88%,,51.88%,,,,,,,,,,,,51.86%,,,,,51.86%,,51.86%,51.86%,,,,51.86%,,,,,,51.78%,51.78%,,,,51.78%,,,,,51.78%,,,,51.78%,,51.78%,,,,51.78%,,,,,,,,,51.82%,,,,,51.82%,,,,51.87%,,,,,,,51.84%,51.84%,,,51.84%,51.84%,,,,51.83%,,,,,51.83%,51.83%,,,,,
jax,50.44%,,,,,51.23%,,,,,,,,51.23%,,,,51.23%,,50.44%,,50.44%,,50.44%,51.23%,,50.45%,51.16%,51.16%,51.16%,,51.16%,50.45%,,,50.45%,50.45%,50.45%,50.45%,51.16%,50.45%,51.16%,50.45%,,50.45%,50.45%,51.16%,,51.19%,,50.47%,,,,,,51.19%,,,50.47%,51.19%,50.47%,51.19%,51.19%,50.47%,,50.47%,,51.19%,,51.19%,,,,,50.50%,,,,,50.50%,,51.21%,,50.50%,,,51.21%,,51.21%,51.21%,50.50%,,50.50%,51.21%,,,,50.52%,,51.25%,51.25%,,,50.52%,51.25%,50.52%,50.52%,,,51.25%,,,50.52%,51.25%,50.52%,51.25%,50.52%,50.52%,,51.28%,,,,,,,,,51.28%,,50.56%,,,51.28%,50.56%,,,51.30%,50.54%,,,,,,51.32%,51.32%,,,51.32%,51.32%,,,,51.35%,,,50.53%,,51.35%,51.35%,,,,,
jayce,49.03%,48.80%,48.80%,48.80%,,,48.80%,48.80%,,,48.80%,48.80%,,,,,,,,49.03%,48.80%,49.03%,,49.03%,,,49.00%,,,,,,49.00%,48.83%,48.83%,49.00%,49.00%,49.00%,49.00%,,49.00%,,49.00%,48.83%,49.00%,49.00%,,,,48.96%,,,,,,,,48.83%,48.83%,48.96%,,48.96%,,,48.96%,,48.96%,48.83%,,,,48.83%,,,,48.96%,48.75%,,,,48.96%,,,,48.96%,,,,,,,48.96%,48.75%,48.96%,,,,48.81%,48.96%,,,,,,48.96%,,48.96%,48.96%,48.81%,,,,,48.96%,,48.96%,,48.96%,48.96%,,,,,,,48.85%,48.85%,,48.85%,,,48.90%,,,,48.90%,48.83%,,,48.90%,,,48.93%,,48.93%,,,48.93%,48.93%,,,,,48.97%,,48.97%,48.97%,48.86%,,,,,,,48.97%,
jhin,,,,,,,,,49.78%,49.78%,,,,,,,,,49.78%,,,,49.78%,,,49.77%,,,,,49.77%,,,,,,,,,,,,,,,,,,,,,,49.78%,49.78%,49.78%,,,,,,,,,,,49.78%,,,,,,,49.76%,,,,,,,49.76%,,,,,,,,,49.76%,,,,,,,,,,,,,,,,,,,,,49.77%,,49.77%,,,,,,,,49.77%,,49.79%,,,,,,,,,,,,49.79%,,,,49.81%,,,49.80%,49.80%,,,,,,,,,,,49.81%,,,,,,,,,49.81%,49.81%,,,
jinx,,,,,,,,,52.10%,52.10%,,,,,,,,,52.10%,,,,52.10%,,,52.15%,,,,,52.15%,,,,,,,,,,,,,,,,,,,,,52.17%,,52.17%,52.17%,,,,,,,,,,,52.17%,,,,,,,52.20%,,,,,,,52.20%,,,,,,,,,52.20%,,,,,,,,,,,,,,,,,,,,,52.18%,,52.18%,,,,,,,,52.18%,,52.17%,,,,,,,,,,,,52.17%,,,,52.19%,,,52.20%,52.20%,,,,,,,,,,,52.19%,,,,,,,,,52.19%,52.19%,,,
kaisa,,,,,,,,,49.42%,49.42%,,,,,,,,,49.42%,,,,49.42%,,,49.41%,,,,,49.41%,,,,,,,,,,,,,,,,,,,,,49.39%,49.39%,,49.39%,,,,,,,,,,,49.39%,,,,,,,49.40%,,,,,,,49.40%,,,,,,,,,49.40%,,,,,,,,,,,,,,,,,,,,,49.39%,,49.39%,,,,,,,,49.39%,,49.42%,,,,,,,,,,,,49.42%,,,,49.42%,,,49.41%,49.41%,,,,,,,,,,,49.44%,,,,,,,,,49.44%,49.44%,,,
kalista,,,,,,,,,46.15%,46.15%,,,,,,,,,46.15%,,,,46.15%,,,46.20%,,,,,46.20%,,,,,,,,,,,,,,,,,,,,,46.17%,46.17%,46.17%,,,,,,,,,,,,46.17%,,,,,,,46.10%,,,,,,,46.10%,,,,,,,,,46.10%,,,,,,,,,,,,,,,,,,,,,46.18%,,46.18%,,,,,,,,46.18%,,46.18%,,,,,,,,,,,,46.18%,,,,46.11%,,,46.14%,46.14%,,,,,,,,,,,46.23%,,,,,,,,,46.23%,46.23%,,,
karma,,,,,50.09%,,,,,,,,50.09%,,50.09%,50.09%,50.09%,,,,,,,,,,,,,,,,,,,,,,,,,,,,,,,50.12%,,,,,,,,,,,,,,,,,,,,,,50.08%,,,,50.07%,50.07%,,,50.07%,50.07%,,,50.07%,,50.07%,,50.07%,50.07%,,,,,,,,,50.07%,50.11%,,,50.11%,,,50.11%,50.11%,,,,,,,,,50.11%,,,,,,,,,,50.12%,50.12%,50.12%,,,50.12%,,,50.12%,,50.12%,,,,,,,,,,,50.14%,,,,,,,,,,,,,,,50.19%,,,,,50.19%,,50.21%
karthus,,,,,,50.05%,,,,,,,,50.05%,,,,50.05%,,,,,,,50.06%,,,50.06%,50.06%,50.06%,,50.06%,,,,,,,,50.06%,,50.06%,,,,,50.06%,,50.08%,,,,,,,,,,,,50.08%,,50.08%,50.08%,,,,,50.08%,,50.08%,,,,,,,,,,,,50.09%,,,,,50.09%,,50.09%,50.09%,,,,50.09%,,,,,,50.11%,50.11%,,,,50.11%,,,,,50.11%,,,,50.11%,,50.11%,,,,50.11%,,,,,,,,,50.11%,,,,,50.11%,,,,50.20%,,,,,,,50.20%,50.20%,,,50.20%,50.20%,,,,50.22%,,,,,50.22%,50.22%,,,,,
kassadin,,50.49%,50.49%,50.49%,,,50.49%,50.49%,,,50.49%,50.49%,,,,,,,,,50.49%,,,,,,,,,,,,,50.47%,50.47%,,,,,,,,,50.47%,,,,,,,,,,,,,,,50.44%,,,,,,,,,50.44%,,,,50.44%,,,,,50.44%,,,,,,,,,,,,,,,,50.44%,,,,,50.42%,,,,,,,,,,,50.42%,,,,,,,,,,,,,,,,,50.41%,50.41%,,50.41%,,,,,,,,50.44%,,,,,,50.41%,,50.41%,,,50.41%,50.41%,,,,,50.42%,,50.42%,50.42%,,,,,,,,50.42%,
katarina,,51.66%,51.66%,51.66%,,,51.66%,51.66%,,,51.66%,51.66%,,,,,,,,,51.66%,,,,,,,,,,,,,51.66%,51.66%,,,,,,,,,51.66%,,,,,,,,,,,,,,51.65%,,,,,,,,,,51.65%,,,,51.65%,,,,,51.67%,,,,,,,,,,,,,,,,51.67%,,,,,51.62%,,,,,,,,,,,51.62%,,,,,,,,,,,,,,,,,51.65%,51.65%,,51.65%,,,,,,,,51.67%,,,,,,51.64%,,51.64%,,,51.64%,51.64%,,,,,51.62%,,51.62%,51.62%,,,,,,,,51.62%,
kayle,52.27%,52.21%,52.21%,52.21%,,,52.21%,52.21%,,,52.21%,52.21%,,,,,,,,52.27%,52.21%,52.27%,,52.27%,,,52.31%,,,,,,52.31%,52.29%,52.29%,52.31%,52.31%,52.31%,52.31%,,52.31%,,52.31%,52.29%,52.31%,52.31%,,,,52.37%,52.37%,,,,,,,52.34%,52.34%,,,52.37%,,,52.37%,,52.37%,52.34%,,,,52.34%,,,,52.38%,52.22%,,,,52.38%,,,,52.38%,,,,,,,52.38%,52.22%,52.38%,,,,52.22%,52.36%,,,,,,52.36%,,52.36%,52.36%,52.22%,,,,,52.36%,,52.36%,,52.36%,52.36%,,,,,,,52.15%,52.15%,,52.15%,,,52.36%,,,,52.36%,52.13%,,,52.39%,,,52.16%,,52.16%,,,52.16%,52.16%,,,,,52.14%,,52.14%,52.14%,52.37%,,,,,,,52.14%,
kayn,,,,,,50.45%,,,,,,,,50.45%,,,,50.45%,,,,,,,50.47%,,,50.47%,50.47%,50.47%,,50.47%,,,,,,,,50.47%,,50.47%,,,,,50.47%,,50.44%,,,,,,,,50.44%,,,,,,50.44%,50.44%,,,,,50.44%,,50.44%,,,,,,,,,,,,50.45%,,,,,50.45%,,50.45%,50.45%,,,,50.45%,,,,,,50.44%,50.44%,,,,50.44%,,,,,50.44%,,,,50.44%,,50.44%,,,,50.43%,,,,,,,,,50.43%,,,,,50.43%,,,,50.48%,,,,,,,50.50%,50.50%,,,50.50%,50.50%,,,,50.50%,,,,,50.50%,50.50%,,,,,
kennen,52.54%,52.41%,52.41%,52.41%,,,52.41%,52.41%,,,52.41%,52.41%,,,,,,,,52.54%,52.41%,52.54%,,52.54%,,,52.51%,,,,,,52.51%,52.36%,52.36%,52.51%,52.51%,52.51%,52.51%,,52.51%,,52.51%,52.36%,52.51%,52.51%,,,,52.57%,52.57%,,,,,,,52.38%,52.38%,52.57%,,,,,52.57%,,52.57%,52.38%,,,,52.38%,,,,52.53%,52.40%,,,,52.53%,,,,52.53%,,,,,,,52.53%,52.40%,52.53%,,,,52.41%,52.52%,,,,,,52.52%,,52.52%,52.52%,52.41%,,,,,52.52%,,52.52%,,52.52%,52.52%,,,,,,,52.41%,52.41%,,52.41%,,,52.55%,,,,52.55%,52.33%,,,52.58%,,,52.36%,,52.36%,,,52.36%,52.36%,,,,,52.32%,,52.32%,52.32%,52.56%,,,,,,,52.32%,
khazix,,,,,,51.21%,,,,,,,,51.21%,,,,51.21%,,,,,,,51.18%,,,51.18%,51.18%,51.18%,,51.18%,,,,,,,,51.18%,,51.18%,,,,,51.18%,,51.17%,,,,,,,,51.17%,,,,51.17%,,,51.17%,,,,,51.17%,,51.17%,,,,,,,,,,,,51.18%,,,,,51.18%,,51.18%,51.18%,,,,51.18%,,,,,,51.14%,51.14%,,,,51.14%,,,,,51.14%,,,,51.14%,,51.14%,,,,51.14%,,,,,,,,,51.12%,,,,,51.12%,,,,51.14%,,,,,,,51.09%,51.09%,,,51.09%,51.09%,,,,51.10%,,,,,51.10%,51.10%,,,,,
kindred,,,,,,50.64%,,,,,,,,50.64%,,,,50.64%,,,,,,,50.62%,,,50.62%,50.62%,50.62%,,50.62%,,,,,,,,50.62%,,50.62%,,,,,50.62%,,50.63%,,,,,,,,50.63%,,,,50.63%,,50.63%,,,,,,50.63%,,50.63%,,,,,,,,,,,,50.65%,,,,,50.65%,,50.65%,50.65%,,,,50.65%,,,,,,50.69%,50.69%,,,,50.69%,,,,,50.69%,,,,50.69%,,50.69%,,,,50.73%,,,,,,,,,50.73%,,,,,50.73%,,,,50.72%,,,,,,,50.74%,50.74%,,,50.74%,50.74%,,,,50.79%,,,,,50.79%,50.79%,,,,,
kled,51.96%,,,,,,,,,,,,,,,,,,,51.96%,,51.96%,,51.96%,,,52.00%,,,,,,52.00%,,,52.00%,52.00%,52.00%,52.00%,,52.00%,,52.00%,,52.00%,52.00%,,,,52.08%,52.08%,,,,,,,,,52.08%,,52.08%,,,,,52.08%,,,,,,,,,52.12%,,,,,52.12%,,,,52.12%,,,,,,,52.12%,,52.12%,,,,,52.06%,,,,,,52.06%,,52.06%,52.06%,,,,,,52.06%,,52.06%,,52.06%,52.06%,,,,,,,,,,,,,52.05%,,,,52.05%,,,,51.95%,,,,,,,,,,,,,,,,,,51.91%,,,,,,,,
kogmaw,,,,,,,,,53.41%,53.41%,,,,,,,,,53.41%,,,,53.41%,,,53.45%,,,,,53.45%,,,,,,,,,,,,,,,,,,,,,53.41%,53.41%,53.41%,53.41%,,,,,,,,,,,,,,,,,,53.41%,,,,,,,53.42%,,,,,,,,,53.42%,,,,,,,,,,,,,,,,,,,,,53.44%,,53.44%,,,,,,,,53.44%,,53.33%,,,,,,,,,,,,53.33%,,,,53.40%,,,53.37%,53.37%,,,,,,,,,,,53.40%,,,,,,,,,53.40%,53.40%,,,
ksante,48.52%,,,,,,,,,,,,,,,,,,,48.52%,,48.52%,,48.52%,,,48.50%,,,,,,48.50%,,,48.50%,48.50%,48.50%,48.50%,,48.50%,,48.50%,,48.50%,48.50%,,,,48.52%,48.52%,,,,,,,,,48.52%,,48.52%,,,48.52%,,,,,,,,,,,48.49%,,,,,48.49%,,,,48.49%,,,,,,,48.49%,,48.49%,,,,,48.48%,,,,,,48.48%,,48.48%,48.48%,,,,,,48.48%,,48.48%,,48.48%,48.48%,,,,,,,,,,,,,48.48%,,,,48.48%,,,,48.54%,,,,,,,,,,,,,,,,,,48.53%,,,,,,,,
leblanc,,50.64%,50.64%,50.64%,50.51%,,50.64%,50.64%,,,50.64%,50.64%,50.51%,,50.51%,50.51%,50.51%,,,,50.64%,,,,,,,,,,,,,50.68%,50.68%,,,,,,,,,50.68%,,,,50.52%,,,,,,,,50.59%,,50.69%,50.69%,,,,,,,,,,,50.59%,,50.69%,,50.57%,50.57%,,50.73%,50.57%,50.57%,,,50.57%,,50.57%,,50.57%,50.57%,,,,,,50.73%,,,50.57%,50.53%,50.71%,,50.53%,,,50.53%,50.53%,,,,,50.71%,,,,50.53%,,,,,,,,,,50.51%,50.51%,50.51%,50.73%,50.73%,50.51%,50.73%,,50.51%,,50.51%,,,,50.71%,,,,,,50.71%,50.44%,50.71%,,,50.71%,50.71%,,,,,50.73%,,50.73%,50.73%,,50.52%,,,,,50.52%,50.73%,50.53%
leesin,,,,,,50.87%,,,,,,,,50.87%,,,,50.87%,,,,,,,50.87%,,,50.87%,50.87%,50.87%,,50.87%,,,,,,,,50.87%,,50.87%,,,,,50.87%,,50.87%,,,,,,,,50.87%,,,,50.87%,,50.87%,50.87%,,,,,,,50.87%,,,,,,,,,,,,50.86%,,,,,50.86%,,50.86%,50.86%,,,,50.86%,,,,,,50.85%,50.85%,,,,50.85%,,,,,50.85%,,,,50.85%,,50.85%,,,,50.86%,,,,,,,,,50.86%,,,,,50.86%,,,,50.85%,,,,,,,50.83%,50.83%,,,50.83%,50.83%,,,,50.83%,,,,,50.83%,50.83%,,,,,
leona,,,,,51.27%,,,,,,,,51.27%,,51.27%,51.27%,51.27%,,,,,,,,,,,,,,,,,,,,,,,,,,,,,,,51.28%,,,,,,,,51.29%,,,,,,,,,,,,,,,,,,51.25%,51.25%,,,51.25%,51.25%,,,51.25%,,51.25%,,51.25%,51.25%,,,,,,,,,51.25%,51.25%,,,51.25%,,,51.25%,51.25%,,,,,,,,,51.25%,,,,,,,,,,51.23%,51.23%,51.23%,,,51.23%,,,51.23%,,51.23%,,,,,,,,,,,51.12%,,,,,,,,,,,,,,,51.08%,,,,,51.08%,,51.10%
lillia,,,,,,49.35%,,,,,,,,49.35%,,,,49.35%,,,,,,,49.36%,,,49.36%,49.36%,49.36%,,49.36%,,,,,,,,49.36%,,49.36%,,,,,49.36%,,49.36%,,,,,,,,49.36%,,,,49.36%,,49.36%,49.36%,,,,,49.36%,,,,,,,,,,,,,,49.37%,,,,,49.37%,,49.37%,49.37%,,,,49.37%,,,,,,49.36%,49.36%,,,,49.36%,,,,,49.36%,,,,49.36%,,49.36%,,,,49.36%,,,,,,,,,49.34%,,,,,49.34%,,,,49.30%,,,,,,,49.34%,49.34%,,,49.34%,49.34%,,,,49.38%,,,,,49.38%,49.38%,,,,,
lissandra,,52.00%,52.00%,52.00%,,,52.00%,52.00%,,,52.00%,52.00%,,,,,,,,,52.00%,,,,,,,,,,,,,51.97%,51.97%,,,,,,,,,51.97%,,,,,,,,,,,,,,51.95%,51.95%,,,,,,,,,51.95%,,,,,,,,,51.92%,,,,,,,,,,,,,,,,51.92%,,,,,51.91%,,,,,,,,,,,51.91%,,,,,,,,,,,,,,,,,51.97%,51.97%,,51.97%,,,,,,,,51.95%,,,,,,51.95%,,51.95%,,,51.95%,51.95%,,,,,51.94%,,51.94%,51.94%,,,,,,,,51.94%,
lucian,,,,,,,,,51.40%,51.40%,,,,,,,,,51.40%,,,,51.40%,,,51.38%,,,,,51.38%,,,,,,,,,,,,,,,,,,,,,51.39%,51.39%,51.39%,51.39%,,,,,,,,,,,51.39%,,,,,,,,,,,,,,51.37%,,,,,,,,,51.37%,,,,,,,,,,,,,,,,,,,,,51.34%,,51.34%,,,,,,,,51.34%,,51.34%,,,,,,,,,,,,51.34%,,,,51.32%,,,51.29%,51.29%,,,,,,,,,,,51.27%,,,,,,,,,51.27%,51.27%,,,
lulu,,,,,51.35%,,,,,,,,51.35%,,51.35%,51.35%,51.35%,,,,,,,,,,,,,,,,,,,,,,,,,,,,,,,51.35%,,,,,,,,51.34%,,,,,,,,,,,,,,51.34%,,,,,51.34%,,,51.34%,51.34%,,,51.34%,,51.34%,,51.34%,51.34%,,,,,,,,,51.34%,51.40%,,,51.40%,,,51.40%,51.40%,,,,,,,,,51.40%,,,,,,,,,,51.40%,51.40%,51.40%,,,51.40%,,,51.40%,,51.40%,,,,,,,,,,,51.42%,,,,,,,,,,,,,,,51.41%,,,,,51.41%,,51.39%
lux,,51.24%,51.24%,51.24%,49.14%,,51.24%,51.24%,,,51.24%,51.24%,49.14%,,49.14%,49.14%,49.14%,,,,51.24%,,,,,,,,,,,,,51.22%,51.22%,,,,,,,,,51.22%,,,,49.18%,,,,,,,,49.15%,,51.21%,51.21%,,,,,,,,,51.21%,,49.15%,,51.21%,,49.10%,,,51.22%,49.10%,49.10%,,,49.10%,,49.10%,,49.10%,49.10%,,,,,,51.22%,,,49.10%,49.10%,51.25%,,49.09%,,,49.09%,49.09%,,,,,51.25%,,,,49.09%,,,,,,,,,,49.10%,49.10%,49.10%,51.26%,51.26%,49.10%,51.26%,,49.10%,,49.10%,,,,51.35%,,,,,,51.31%,49.00%,51.31%,,,51.31%,51.31%,,,,,51.34%,,51.34%,51.34%,,49.01%,,,,,49.01%,51.34%,49.01%
malphite,52.35%,52.75%,52.75%,52.75%,,,52.75%,52.75%,,,52.75%,52.75%,,,,,,,,52.35%,52.75%,52.35%,,52.35%,,,52.32%,,,,,,52.32%,52.75%,52.75%,52.32%,52.32%,52.32%,52.32%,,52.32%,,52.32%,52.75%,52.32%,52.32%,,,,52.33%,52.33%,,,,,,,52.87%,52.87%,52.33%,,52.33%,,,52.33%,,52.33%,52.87%,,,,52.87%,,,,,52.90%,,,,52.33%,,,,52.33%,,,,,,,52.33%,52.90%,52.33%,,,,52.87%,52.30%,,,,,,52.30%,,52.30%,52.30%,52.87%,,,,,52.30%,,52.30%,,52.30%,52.30%,,,,,,,52.90%,52.90%,,52.90%,,,52.32%,,,,52.32%,53.00%,,,52.29%,,,53.08%,,53.08%,,,53.08%,53.08%,,,,,53.10%,,53.10%,53.10%,52.35%,,,,,,,53.10%,
malzahar,,51.33%,51.33%,51.33%,,,51.33%,51.33%,,,51.33%,51.33%,,,,,,,,,51.33%,,,,,,,,,,,,,51.35%,51.35%,,,,,,,,,51.35%,,,,,,,,,,,,,,51.30%,51.30%,,,,,,,,,51.30%,,,,51.30%,,,,,,,,,,,,,,,,,,,,,51.28%,,,,,51.28%,,,,,,,,,,,51.28%,,,,,,,,,,,,,,,,,51.26%,51.26%,,51.26%,,,,,,,,51.24%,,,,,,51.25%,,51.25%,,,51.25%,51.25%,,,,,51.25%,,51.25%,51.25%,,,,,,,,51.25%,
maokai,,,,,50.92%,,,,,,,,50.92%,,50.92%,50.92%,50.92%,,,,,,,,,,,,,,,,,,,,,,,,,,,,,,,50.91%,,,,,,,,50.90%,,,,,,,,,,,,,,50.90%,,,,50.87%,50.87%,,,,50.87%,,,50.87%,,50.87%,,50.87%,50.87%,,,,,,,,,50.87%,50.90%,,,50.90%,,,50.90%,50.90%,,,,,,,,,50.90%,,,,,,,,,,50.95%,50.95%,50.95%,,,50.95%,,,50.95%,,50.95%,,,,,,,,,,,50.98%,,,,,,,,,,,,,,,50.91%,,,,,50.91%,,50.92%
milio,,,,,52.08%,,,,,,,,52.08%,,52.08%,52.08%,52.08%,,,,,,,,,,,,,,,,,,,,,,,,,,,,,,,52.08%,,,,,,,,52.11%,,,,,,,,,,,,,,52.11%,,,,52.15%,52.15%,,,52.15%,,,,52.15%,,52.15%,,52.15%,52.15%,,,,,,,,,52.15%,52.17%,,,52.17%,,,52.17%,52.17%,,,,,,,,,52.17%,,,,,,,,,,52.16%,52.16%,52.16%,,,52.16%,,,52.16%,,52.16%,,,,,,,,,,,52.19%,,,,,,,,,,,,,,,52.18%,,,,,52.18%,,52.17%
missfortune,,,,,,,,,50.92%,50.92%,,,,,,,,,50.92%,,,,50.92%,,,50.92%,,,,,50.92%,,,,,,,,,,,,,,,,,,,,,50.90%,50.90%,50.90%,50.90%,,,,,,,,,,,50.90%,,,,,,,50.93%,,,,,,,,,,,,,,,,50.93%,,,,,,,,,,,,,,,,,,,,,50.93%,,50.93%,,,,,,,,50.93%,,50.98%,,,,,,,,,,,,50.98%,,,,51.05%,,,51.05%,51.05%,,,,,,,,,,,51.13%,,,,,,,,,51.13%,51.13%,,,
mordekaiser,51.84%,,,,,,,,,,,,,,,,,,,51.84%,,51.84%,,51.84%,,,51.85%,,,,,,51.85%,,,51.85%,51.85%,51.85%,51.85%,,51.85%,,51.85%,,51.85%,51.85%,,,,51.91%,51.91%,,,,,,,,,51.91%,,51.91%,,,51.91%,,51.91%,,,,,,,,,52.00%,,,,,,,,,52.00%,,,,,,,52.00%,,52.00%,,,,,52.03%,,,,,,52.03%,,52.03%,52.03%,,,,,,52.03%,,52.03%,,52.03%,52.03%,,,,,,,,,,,,,52.05%,,,,52.05%,,,,52.02%,,,,,,,,,,,,,,,,,,51.99%,,,,,,,,
morgana,,51.32%,51.32%,51.32%,50.42%,,51.32%,51.32%,,,51.32%,51.32%,50.42%,,50.42%,50.42%,50.42%,,,,51.32%,,,,,,,,,,,,,51.31%,51.31%,,,,,,,,,51.31%,,,,50.45%,,,,,,,,50.45%,,51.42%,51.42%,,,,,,,,,51.42%,,50.45%,,51.42%,,50.44%,50.44%,,51.46%,50.44%,50.44%,,,,,50.44%,,50.44%,50.44%,,,,,,51.46%,,,50.44%,50.44%,51.56%,,50.44%,,,50.44%,50.44%,,,,,51.56%,,,,50.44%,,,,,,,,,,50.43%,50.43%,50.43%,51.53%,51.53%,50.43%,51.53%,,50.43%,,50.43%,,,,51.58%,,,,,,51.64%,50.49%,51.64%,,,51.64%,51.64%,,,,,51.72%,,51.72%,51.72%,,50.52%,,,,,50.52%,51.72%,50.52%
naafiri,,52.38%,52.38%,52.38%,,50.11%,52.38%,52.38%,,,52.38%,52.38%,,50.11%,,,,50.11%,,,52.38%,,,,50.10%,,,50.10%,50.10%,50.10%,,50.10%,,52.33%,52.33%,,,,,50.10%,,50.10%,,52.33%,,,50.10%,,50.06%,,,,,,,,50.06%,52.43%,52.43%,,50.06%,,50.06%,50.06%,,,,52.43%,50.06%,,50.06%,52.43%,,,,,52.39%,,,,,,,,,,,50.15%,,50.15%,50.15%,,52.39%,,50.15%,,,52.27%,,,50.15%,50.15%,,,,50.15%,,,52.27%,,50.15%,,,,50.15%,,50.15%,,,,50.15%,,,,,52.32%,52.32%,,52.32%,50.19%,,,,,50.19%,,52.32%,,50.17%,,,,52.17%,,52.17%,50.22%,50.22%,52.17%,52.17%,50.22%,50.22%,,,52.06%,50.26%,52.06%,52.06%,,,50.26%,50.26%,,,,52.06%,
nami,,,,,52.13%,,,,,,,,52.13%,,52.13%,52.13%,52.13%,,,,,,,,,,,,,,,,,,,,,,,,,,,,,,,52.11%,,,,,,,,52.11%,,,,,,,,,,,,,,52.11%,,,,52.14%,52.14%,,,52.14%,52.14%,,,52.14%,,,,52.14%,52.14%,,,,,,,,,52.14%,52.13%,,,52.13%,,,52.13%,52.13%,,,,,,,,,52.13%,,,,,,,,,,52.10%,52.10%,52.10%,,,52.10%,,,52.10%,,52.10%,,,,,,,,,,,52.08%,,,,,,,,,,,,,,,52.10%,,,,,52.10%,,52.10%
nasus,51.36%,,,,,,,,,,,,,,,,,,,51.36%,,51.36%,,51.36%,,,51.37%,,,,,,51.37%,,,51.37%,51.37%,51.37%,51.37%,,51.37%,,51.37%,,51.37%,51.37%,,,,51.39%,51.39%,,,,,,,,,51.39%,,51.39%,,,51.39%,,51.39%,,,,,,,,,51.34%,,,,,51.34%,,,,,,,,,,,51.34%,,51.34%,,,,,51.40%,,,,,,51.40%,,51.40%,51.40%,,,,,,51.40%,,51.40%,,51.40%,51.40%,,,,,,,,,,,,,51.40%,,,,51.40%,,,,51.37%,,,,,,,,,,,,,,,,,,51.37%,,,,,,,,
nautilus,,,,,49.61%,,,,,,,,49.61%,,49.61%,49.61%,49.61%,,,,,,,,,,,,,,,,,,,,,,,,,,,,,,,49.59%,,,,,,,,49.60%,,,,,,,,,,,,,,49.60%,,,,49.57%,49.57%,,,49.57%,49.57%,,,49.57%,,49.57%,,,49.57%,,,,,,,,,49.57%,49.60%,,,49.60%,,,49.60%,49.60%,,,,,,,,,49.60%,,,,,,,,,,49.60%,49.60%,49.60%,,,49.60%,,,49.60%,,49.60%,,,,,,,,,,,49.63%,,,,,,,,,,,,,,,49.61%,,,,,49.61%,,49.62%
neeko,,52.73%,52.73%,52.73%,49.92%,,52.73%,52.73%,,,52.73%,52.73%,49.92%,,49.92%,49.92%,49.92%,,,,52.73%,,,,,,,,,,,,,52.68%,52.68%,,,,,,,,,52.68%,,,,49.97%,,,,,,,,49.95%,,52.74%,52.74%,,,,,,,,,52.74%,,49.95%,,52.74%,,49.96%,49.96%,,52.72%,49.96%,49.96%,,,49.96%,,49.96%,,49.96%,,,,,,,52.72%,,,49.96%,49.94%,52.65%,,49.94%,,,49.94%,49.94%,,,,,52.65%,,,,49.94%,,,,,,,,,,49.96%,49.96%,49.96%,52.50%,52.50%,49.96%,52.50%,,49.96%,,49.96%,,,,52.47%,,,,,,52.37%,49.98%,52.37%,,,52.37%,52.37%,,,,,52.41%,,52.41%,52.41%,,49.97%,,,,,49.97%,52.41%,49.94%
nidalee,,,,,49.01%,49.93%,,,,,,,49.01%,49.93%,49.01%,49.01%,49.01%,49.93%,,,,,,,49.90%,,,49.90%,49.90%,49.90%,,49.90%,,,,,,,,49.90%,,49.90%,,,,,49.90%,49.06%,49.94%,,,,,,,48.95%,49.94%,,,,49.94%,,49.94%,49.94%,,,,,49.94%,48.95%,49.94%,,,49.04%,49.04%,,,49.04%,49.04%,,,49.04%,49.93%,49.04%,,49.04%,49.04%,,,49.93%,49.93%,,,,49.93%,49.04%,48.95%,,,48.95%,49.94%,49.94%,48.95%,48.95%,,49.94%,,,,,49.94%,,48.95%,,49.94%,,49.94%,,,,49.90%,,48.88%,48.88%,48.88%,,,48.88%,,49.90%,48.88%,,48.88%,,49.90%,,,,49.89%,,,,,48.95%,,49.88%,49.88%,,,49.88%,49.88%,,,,49.92%,,,,49.00%,49.92%,49.92%,,,49.00%,,48.99%
nilah,,,,,,,,,53.12%,53.12%,,,,,,,,,53.12%,,,,53.12%,,,53.09%,,,,,53.09%,,,,,,,,,,,,,,,,,,,,,53.08%,53.08%,53.08%,53.08%,,,,,,,,,,,53.08%,,,,,,,53.10%,,,,,,,53.10%,,,,,,,,,,,,,,,,,,,,,,,,,,,,,,53.08%,,53.08%,,,,,,,,53.08%,,53.06%,,,,,,,,,,,,53.06%,,,,53.13%,,,53.12%,53.12%,,,,,,,,,,,53.12%,,,,,,,,,53.12%,53.12%,,,
nocturne,,,,,,51.70%,,,,,,,,51.70%,,,,51.70%,,,,,,,51.72%,,,51.72%,51.72%,51.72%,,51.72%,,,,,,,,51.72%,,51.72%,,,,,51.72%,,51.73%,,,,,,,,51.73%,,,,51.73%,,51.73%,51.73%,,,,,51.73%,,51.73%,,,,,,,,,,,,51.73%,,,,,51.73%,,,51.73%,,,,51.73%,,,,,,51.73%,51.73%,,,,51.73%,,,,,51.73%,,,,51.73%,,51.73%,,,,51.73%,,,,,,,,,51.75%,,,,,51.75%,,,,51.72%,,,,,,,51.72%,51.72%,,,51.72%,51.72%,,,,51.72%,,,,,51.72%,51.72%,,,,,
nunu,,,,,,51.42%,,,,,,,,51.42%,,,,51.42%,,,,,,,51.49%,,,51.49%,51.49%,51.49%,,51.49%,,,,,,,,51.49%,,51.49%,,,,,51.49%,,51.47%,,,,,,,,51.47%,,,,51.47%,,51.47%,51.47%,,,,,51.47%,,51.47%,,,,,,,,,,,,51.50%,,,,,51.50%,,51.50%,,,,,51.50%,,,,,,51.47%,51.47%,,,,51.47%,,,,,51.47%,,,,51.47%,,51.47%,,,,51.56%,,,,,,,,,51.56%,,,,,51.56%,,,,51.56%,,,,,,,51.55%,51.55%,,,51.55%,51.55%,,,,51.55%,,,,,51.55%,51.55%,,,,,
olaf,52.41%,,,,,,,,,,,,,,,,,,,52.41%,,52.41%,,52.41%,,,52.41%,,,,,,52.41%,,,52.41%,52.41%,52.41%,52.41%,,52.41%,,52.41%,,52.41%,52.41%,,,,52.52%,52.52%,,,,,,,,,52.52%,,52.52%,,,52.52%,,52.52%,,,,,,,,,52.51%,,,,,52.51%,,,,52.51%,,,,,,,,,52.51%,,,,,52.50%,,,,,,52.50%,,52.50%,52.50%,,,,,,52.50%,,52.50%,,52.50%,52.50%,,,,,,,,,,,,,52.46%,,,,52.46%,,,,52.52%,,,,,,,,,,,,,,,,,,52.56%,,,,,,,,
orianna,,50.15%,50.15%,50.15%,,,50.15%,50.15%,,,50.15%,50.15%,,,,,,,,,50.15%,,,,,,,,,,,,,50.19%,50.19%,,,,,,,,,50.19%,,,,,,,,,,,,,,50.19%,50.19%,,,,,,,,,50.19%,,,,50.19%,,,,,50.24%,,,,,,,,,,,,,,,,,,,,,50.24%,,,,,,,,,,,50.24%,,,,,,,,,,,,,,,,,50.22%,50.22%,,50.22%,,,,,,,,50.21%,,,,,,50.19%,,50.19%,,,50.19%,50.19%,,,,,50.22%,,50.22%,50.22%,,,,,,,,50.22%,
ornn,51.23%,,,,,,,,,,,,,,,,,,,51.23%,,51.23%,,51.23%,,,51.19%,,,,,,51.19%,,,51.19%,51.19%,51.19%,51.19%,,51.19%,,51.19%,,51.19%,51.19%,,,,51.19%,51.19%,,,,,,,,,51.19%,,51.19%,,,51.19%,,51.19%,,,,,,,,,51.14%,,,,,51.14%,,,,51.14%,,,,,,,51.14%,,,,,,,51.21%,,,,,,51.21%,,51.21%,51.21%,,,,,,51.21%,,51.21%,,51.21%,51.21%,,,,,,,,,,,,,51.17%,,,,51.17%,,,,51.18%,,,,,,,,,,,,,,,,,,51.14%,,,,,,,,
pantheon,51.43%,,,,49.89%,51.10%,,,,,,,49.89%,51.10%,49.89%,49.89%,49.89%,51.10%,,51.43%,,51.43%,,51.43%,51.10%,,51.41%,51.13%,51.13%,51.13%,,51.13%,51.41%,,,51.41%,51.41%,51.41%,51.41%,51.13%,51.41%,51.13%,51.41%,,51.41%,51.41%,51.13%,49.95%,51.10%,51.48%,51.48%,,,,,49.95%,51.10%,,,51.48%,51.10%,51.48%,51.10%,51.10%,51.48%,,51.48%,,51.10%,49.95%,51.10%,,,49.97%,49.97%,51.51%,,49.97%,49.97%,,51.51%,49.97%,51.07%,49.97%,51.51%,49.97%,49.97%,51.07%,,51.07%,51.07%,51.51%,,51.51%,,49.97%,49.90%,,51.42%,49.90%,51.11%,51.11%,49.90%,49.90%,51.42%,51.11%,51.42%,51.42%,,,51.11%,,49.90%,51.42%,51.11%,51.42%,51.11%,51.42%,51.42%,,51.11%,,49.91%,49.91%,49.91%,,,49.91%,,51.11%,49.91%,51.38%,49.91%,,51.11%,51.38%,,,51.11%,51.40%,,,,49.84%,,51.13%,51.13%,,,51.13%,51.13%,,,,51.10%,,,51.41%,49.84%,51.10%,51.10%,,,49.84%,,49.83%
poppy,51.68%,,,,51.73%,51.15%,,,,,,,51.73%,51.15%,51.73%,51.73%,51.73%,51.15%,,51.68%,,51.68%,,51.68%,51.11%,,51.65%,51.11%,51.11%,51.11%,,51.11%,51.65%,,,51.65%,51.65%,51.65%,51.65%,51.11%,51.65%,51.11%,51.65%,,51.65%,51.65%,51.11%,51.79%,51.13%,51.63%,51.63%,,,,,51.79%,51.13%,,,51.63%,51.13%,51.63%,51.13%,51.13%,51.63%,,51.63%,,51.13%,51.79%,51.13%,,,51.85%,51.85%,51.61%,,51.85%,51.85%,,51.61%,51.85%,51.15%,51.85%,51.61%,51.85%,51.85%,51.15%,,51.15%,51.15%,51.61%,,51.61%,51.15%,,51.85%,,51.59%,51.85%,51.09%,51.09%,51.85%,51.85%,51.59%,51.09%,51.59%,51.59%,,,51.09%,,51.85%,51.59%,51.09%,51.59%,51.09%,51.59%,51.59%,,51.10%,,51.85%,51.85%,51.85%,,,51.85%,,51.10%,51.85%,51.61%,51.85%,,51.10%,51.61%,,,51.06%,51.59%,,,,51.87%,,51.01%,51.01%,,,51.01%,51.01%,,,,51.09%,,,51.75%,51.83%,51.09%,51.09%,,,51.83%,,51.86%
pyke,,,,,50.24%,,,,,,,,50.24%,,50.24%,50.24%,50.24%,,,,,,,,,,,,,,,,,,,,,,,,,,,,,,,50.22%,,,,,,,,50.22%,,,,,,,,,,,,,,50.22%,,,,50.23%,50.23%,,,50.23%,50.23%,,,50.23%,,50.23%,,50.23%,50.23%,,,,,,,,,50.23%,,,,50.17%,,,50.17%,50.17%,,,,,,,,,50.17%,,,,,,,,,,50.16%,50.16%,50.16%,,,50.16%,,,50.16%,,50.16%,,,,,,,,,,,50.15%,,,,,,,,,,,,,,,50.17%,,,,,50.17%,,50.16%
qiyana,,51.50%,51.50%,51.50%,,49.28%,51.50%,51.50%,,,51.50%,51.50%,,49.28%,,,,49.28%,,,51.50%,,,,49.33%,,,49.33%,49.33%,49.33%,,49.33%,,51.41%,51.41%,,,,,49.33%,,49.33%,,51.41%,,,49.33%,,49.33%,,,,,,,,49.33%,51.46%,51.46%,,49.33%,,49.33%,49.33%,,,,51.46%,49.33%,,49.33%,51.46%,,,,,51.47%,,,,,,49.25%,,,,,49.25%,,49.25%,49.25%,,51.47%,,49.25%,,,,,,49.16%,49.16%,,,,49.16%,,,51.41%,,49.16%,,,,49.16%,,49.16%,,,,49.08%,,,,,51.44%,51.44%,,51.44%,49.08%,,,,,49.08%,,51.46%,,49.05%,,,,51.42%,,51.42%,49.07%,49.07%,51.42%,51.42%,49.07%,49.07%,,,51.46%,49.05%,51.46%,51.46%,,,49.05%,49.05%,,,,51.46%,
quinn,53.71%,54.05%,54.05%,54.05%,,,54.05%,54.05%,,,54.05%,54.05%,,,,,,,,53.71%,54.05%,53.71%,,53.71%,,,53.64%,,,,,,53.64%,53.99%,53.99%,53.64%,53.64%,53.64%,53.64%,,53.64%,,53.64%,53.99%,53.64%,53.64%,,,,53.61%,53.61%,,,,,,,54.08%,54.08%,53.61%,,53.61%,,,53.61%,,53.61%,54.08%,,,,54.08%,,,,53.54%,53.93%,,,,53.54%,,,,53.54%,,,,,,,53.54%,53.93%,53.54%,,,,53.97%,,,,,,,53.47%,,53.47%,53.47%,53.97%,,,,,53.47%,,53.47%,,53.47%,53.47%,,,,,,,54.03%,54.03%,,54.03%,,,53.44%,,,,53.44%,53.97%,,,53.36%,,,53.96%,,53.96%,,,53.96%,53.96%,,,,,53.99%,,53.99%,53.99%,53.36%,,,,,,,53.99%,
rakan,,,,,50.74%,,,,,,,,50.74%,,50.74%,50.74%,50.74%,,,,,,,,,,,,,,,,,,,,,,,,,,,,,,,50.73%,,,,,,,,50.75%,,,,,,,,,,,,,,50.75%,,,,50.76%,50.76%,,,50.76%,50.76%,,,50.76%,,50.76%,,50.76%,50.76%,,,,,,,,,50.76%,50.75%,,,,,,50.75%,50.75%,,,,,,,,,50.75%,,,,,,,,,,50.81%,50.81%,50.81%,,,50.81%,,,50.81%,,50.81%,,,,,,,,,,,50.78%,,,,,,,,,,,,,,,50.76%,,,,,50.76%,,50.76%
rammus,,,,,,51.86%,,,,,,,,51.86%,,,,51.86%,,,,,,,51.91%,,,51.91%,51.91%,51.91%,,51.91%,,,,,,,,51.91%,,51.91%,,,,,51.91%,,51.91%,,,,,,,,51.91%,,,,51.91%,,51.91%,51.91%,,,,,51.91%,,51.91%,,,,,,,,,,,,51.96%,,,,,51.96%,,51.96%,51.96%,,,,51.96%,,,,,,,52.00%,,,,52.00%,,,,,52.00%,,,,52.00%,,52.00%,,,,51.90%,,,,,,,,,51.90%,,,,,51.90%,,,,51.92%,,,,,,,52.03%,52.03%,,,52.03%,52.03%,,,,52.09%,,,,,52.09%,52.09%,,,,,
reksai,,,,,,52.05%,,,,,,,,52.05%,,,,52.05%,,,,,,,52.00%,,,52.00%,52.00%,52.00%,,52.00%,,,,,,,,52.00%,,52.00%,,,,,52.00%,,52.00%,,,,,,,,52.05%,,,,52.05%,,52.05%,52.05%,,,,,52.05%,,52.05%,,,,,,,,,,,,52.00%,,,,,52.00%,,52.00%,52.00%,,,,52.00%,,,,,,52.02%,,,,,52.02%,,,,,52.02%,,,,52.02%,,52.02%,,,,52.04%,,,,,,,,,52.04%,,,,,52.04%,,,,52.10%,,,,,,,52.10%,52.10%,,,52.10%,52.10%,,,,51.95%,,,,,51.95%,51.95%,,,,,
rell,,,,,51.22%,,,,,,,,51.22%,,51.22%,51.22%,51.22%,,,,,,,,,,,,,,,,,,,,,,,,,,,,,,,51.21%,,,,,,,,51.21%,,,,,,,,,,,,,,51.21%,,,,51.25%,51.25%,,,51.25%,51.25%,,,51.25%,,51.25%,,51.25%,51.25%,,,,,,,,,51.25%,51.25%,,,51.22%,,,,51.22%,,,,,,,,,51.22%,,,,,,,,,,51.19%,51.19%,51.19%,,,51.19%,,,51.19%,,51.19%,,,,,,,,,,,51.25%,,,,,,,,,,,,,,,51.21%,,,,,51.21%,,51.24%
renata,,,,,49.34%,,,,,,,,49.34%,,49.34%,49.34%,49.34%,,,,,,,,,,,,,,,,,,,,,,,,,,,,,,,49.44%,,,,,,,,49.44%,,,,,,,,,,,,,,49.44%,,,,49.39%,49.39%,,,49.39%,49.39%,,,49.39%,,49.39%,,49.39%,49.39%,,,,,,,,,49.39%,49.41%,,,49.41%,,,49.41%,,,,,,,,,,49.41%,,,,,,,,,,49.39%,49.39%,49.39%,,,49.39%,,,49.39%,,49.39%,,,,,,,,,,,49.41%,,,,,,,,,,,,,,,49.43%,,,,,49.43%,,49.42%
renekton,50.31%,,,,,,,,,,,,,,,,,,,50.31%,,50.31%,,50.31%,,,50.35%,,,,,,50.35%,,,50.35%,50.35%,50.35%,50.35%,,50.35%,,50.35%,,50.35%,50.35%,,,,50.36%,50.36%,,,,,,,,,50.36%,,50.36%,,,50.36%,,50.36%,,,,,,,,,50.42%,,,,,50.42%,,,,50.42%,,,,,,,50.42%,,50.42%,,,,,50.45%,,,,,,,,50.45%,50.45%,,,,,,50.45%,,50.45%,,50.45%,50.45%,,,,,,,,,,,,,50.46%,,,,50.46%,,,,50.41%,,,,,,,,,,,,,,,,,,50.35%,,,,,,,,
rengar,,,,,,49.93%,,,,,,,,49.93%,,,,49.93%,,,,,,,49.92%,,,49.92%,49.92%,49.92%,,49.92%,,,,,,,,49.92%,,49.92%,,,,,49.92%,,49.99%,,,,,,,,49.99%,,,,49.99%,,49.99%,49.99%,,,,,49.99%,,49.99%,,,,,,,,,,,,49.98%,,,,,49.98%,,49.98%,49.98%,,,,49.98%,,,,,,50.00%,50.00%,,,,,,,,,50.00%,,,,50.00%,,50.00%,,,,50.00%,,,,,,,,,49.97%,,,,,49.97%,,,,49.98%,,,,,,,50.03%,50.03%,,,50.03%,50.03%,,,,50.07%,,,,,50.07%,50.07%,,,,,
riven,52.41%,,,,,,,,,,,,,,,,,,,52.41%,,52.41%,,52.41%,,,52.39%,,,,,,52.39%,,,52.39%,52.39%,52.39%,52.39%,,52.39%,,52.39%,,52.39%,52.39%,,,,52.38%,52.38%,,,,,,,,,52.38%,,52.38%,,,52.38%,,52.38%,,,,,,,,,52.30%,,,,,52.30%,,,,52.30%,,,,,,,52.30%,,52.30%,,,,,52.23%,,,,,,52.23%,,,52.23%,,,,,,52.23%,,52.23%,,52.23%,52.23%,,,,,,,,,,,,,52.24%,,,,52.24%,,,,52.27%,,,,,,,,,,,,,,,,,,52.23%,,,,,,,,
rumble,48.23%,,,,,,,,,,,,,,,,,,,48.23%,,48.23%,,48.23%,,,48.18%,,,,,,48.18%,,,48.18%,48.18%,48.18%,48.18%,,48.18%,,48.18%,,48.18%,48.18%,,,,48.18%,48.18%,,,,,,,,,48.18%,,48.18%,,,48.18%,,48.18%,,,,,,,,,48.18%,,,,,48.18%,,,,48.18%,,,,,,,48.18%,,48.18%,,,,,48.17%,,,,,,48.17%,,48.17%,,,,,,,48.17%,,48.17%,,48.17%,48.17%,,,,,,,,,,,,,48.22%,,,,48.22%,,,,48.23%,,,,,,,,,,,,,,,,,,48.18%,,,,,,,,
ryze,50.50%,48.64%,48.64%,48.64%,,,48.64%,48.64%,,,48.64%,48.64%,,,,,,,,50.50%,48.64%,50.50%,,50.50%,,,50.51%,,,,,,50.51%,48.66%,48.66%,50.51%,50.51%,50.51%,50.51%,,50.51%,,50.51%,48.66%,50.51%,50.51%,,,,50.56%,50.56%,,,,,,,48.64%,48.64%,50.56%,,50.56%,,,50.56%,,50.56%,48.64%,,,,48.64%,,,,50.59%,48.60%,,,,50.59%,,,,50.59%,,,,,,,50.59%,48.60%,50.59%,,,,48.65%,50.60%,,,,,,50.60%,,50.60%,50.60%,,,,,,50.60%,,50.60%,,50.60%,50.60%,,,,,,,48.60%,48.60%,,48.60%,,,50.68%,,,,50.68%,48.62%,,,50.68%,,,48.66%,,48.66%,,,48.66%,48.66%,,,,,48.70%,,48.70%,48.70%,50.71%,,,,,,,48.70%,
samira,,,,,,,,,50.87%,50.87%,,,,,,,,,50.87%,,,,50.87%,,,50.88%,,,,,50.88%,,,,,,,,,,,,,,,,,,,,,50.86%,50.86%,50.86%,50.86%,,,,,,,,,,,50.86%,,,,,,,50.85%,,,,,,,50.85%,,,,,,,,,50.85%,,,,,,,,,,,,,,,,,,,,,,,50.82%,,,,,,,,50.82%,,50.81%,,,,,,,,,,,,50.81%,,,,50.80%,,,50.82%,50.82%,,,,,,,,,,,50.80%,,,,,,,,,50.80%,50.80%,,,
sejuani,,,,,,48.25%,,,,,,,,48.25%,,,,48.25%,,,,,,,48.25%,,,48.25%,48.25%,48.25%,,48.25%,,,,,,,,48.25%,,48.25%,,,,,48.25%,,48.19%,,,,,,,,48.19%,,,,48.19%,,48.19%,48.19%,,,,,48.19%,,48.19%,,,,,,,,,,,,48.28%,,,,,48.28%,,48.28%,48.28%,,,,48.28%,,,,,,48.30%,48.30%,,,,48.30%,,,,,,,,,48.30%,,48.30%,,,,48.29%,,,,,,,,,48.29%,,,,,48.29%,,,,48.22%,,,,,,,48.16%,48.16%,,,48.16%,48.16%,,,,48.08%,,,,,48.08%,48.08%,,,,,
senna,,,,,48.93%,,,,50.38%,50.38%,,,48.93%,,48.93%,48.93%,48.93%,,50.38%,,,,50.38%,,,50.40%,,,,,50.40%,,,,,,,,,,,,,,,,,48.91%,,,,50.43%,50.43%,50.43%,50.43%,48.91%,,,,,,,,,,50.43%,,,,48.91%,,,50.45%,48.93%,48.93%,,,48.93%,48.93%,50.45%,,48.93%,,48.93%,,48.93%,48.93%,,50.45%,,,,,,,48.93%,48.92%,,,48.92%,,,48.92%,48.92%,,,,,,50.43%,,,48.92%,,,,,,,50.43%,,50.47%,48.93%,48.93%,48.93%,,,48.93%,,,48.93%,,48.93%,50.47%,,,,50.50%,,,50.48%,50.48%,,48.92%,,,,,,,,,50.48%,,,,,,48.92%,,,50.48%,50.48%,48.92%,,48.98%
seraphine,,,,,49.78%,,,,50.49%,50.49%,,,49.78%,,49.78%,49.78%,49.78%,,50.49%,,,,50.49%,,,50.34%,,,,,50.34%,,,,,,,,,,,,,,,,,49.74%,,,,50.26%,50.26%,50.26%,50.26%,49.74%,,,,,,,,,,50.26%,,,,49.74%,,,50.22%,49.78%,49.78%,,,49.78%,49.78%,50.22%,,49.78%,,49.78%,,49.78%,49.78%,,50.22%,,,,,,,49.78%,49.75%,,,49.75%,,,49.75%,49.75%,,,,,,50.21%,,50.21%,,,,,,,,50.21%,,50.09%,49.76%,49.76%,49.76%,,,49.76%,,,49.76%,,49.76%,50.09%,,,,50.01%,,,50.12%,50.12%,,49.87%,,,,,,,,,50.18%,,,,,,49.87%,,,50.18%,50.18%,49.87%,,49.83%
sett,52.64%,,,,,,,,,,,,,,,,,,,52.64%,,52.64%,,52.64%,,,52.67%,,,,,,52.67%,,,52.67%,52.67%,52.67%,52.67%,,52.67%,,52.67%,,52.67%,52.67%,,,,52.67%,52.67%,,,,,,,,,52.67%,,52.67%,,,52.67%,,52.67%,,,,,,,,,52.66%,,,,,52.66%,,,,52.66%,,,,,,,52.66%,,52.66%,,,,,52.65%,,,,,,52.65%,,52.65%,52.65%,,,,,,,,52.65%,,52.65%,52.65%,,,,,,,,,,,,,52.66%,,,,52.66%,,,,52.60%,,,,,,,,,,,,,,,,,,52.62%,,,,,,,,
shaco,,,,,50.21%,51.26%,,,,,,,50.21%,51.26%,50.21%,50.21%,50.21%,51.26%,,,,,,,51.31%,,,51.31%,51.31%,51.31%,,51.31%,,,,,,,,51.31%,,51.31%,,,,,51.31%,50.20%,51.37%,,,,,,,50.20%,51.37%,,,,51.37%,,51.37%,51.37%,,,,,51.37%,50.20%,51.37%,,,50.20%,50.20%,,,50.20%,50.20%,,,50.20%,51.32%,50.20%,,50.20%,50.20%,51.32%,,51.32%,51.32%,,,,51.32%,50.20%,50.26%,,,50.26%,51.36%,51.36%,50.26%,50.26%,,51.36%,,,,,51.36%,,50.26%,,,,51.36%,,,,51.36%,,50.27%,50.27%,50.27%,,,50.27%,,51.36%,50.27%,,50.27%,,51.36%,,,,51.34%,,,,,50.33%,,51.34%,51.34%,,,51.34%,51.34%,,,,51.37%,,,,50.36%,51.37%,51.37%,,,50.36%,,50.39%
shen,51.63%,,,,48.35%,,,,,,,,48.35%,,48.35%,48.35%,48.35%,,,51.63%,,51.63%,,51.63%,,,51.64%,,,,,,51.64%,,,51.64%,51.64%,51.64%,51.64%,,51.64%,,51.64%,,51.64%,51.64%,,48.50%,,51.66%,51.66%,,,,,48.50%,,,,51.66%,,51.66%,,,51.66%,,51.66%,,,48.50%,,,,48.31%,48.31%,51.67%,,48.31%,48.31%,,51.67%,48.31%,,48.31%,51.67%,48.31%,48.31%,,,,,51.67%,,51.67%,,48.31%,48.32%,,51.64%,48.32%,,,48.32%,48.32%,51.64%,,51.64%,51.64%,,,,,48.32%,51.64%,,,,51.64%,51.64%,,,,48.25%,48.25%,48.25%,,,48.25%,,,48.25%,51.68%,48.25%,,,51.68%,,,,51.71%,,,,48.28%,,,,,,,,,,,,,,51.72%,48.20%,,,,,48.20%,,48.20%
shyvana,,,,,,49.05%,,,,,,,,49.05%,,,,49.05%,,,,,,,49.03%,,,49.03%,49.03%,49.03%,,49.03%,,,,,,,,49.03%,,49.03%,,,,,49.03%,,49.10%,,,,,,,,49.10%,,,,49.10%,,49.10%,49.10%,,,,,49.10%,,49.10%,,,,,,,,,,,,49.08%,,,,,49.08%,,49.08%,49.08%,,,,49.08%,,,,,,48.98%,48.98%,,,,48.98%,,,,,48.98%,,,,48.98%,,,,,,48.98%,,,,,,,,,49.02%,,,,,49.02%,,,,49.05%,,,,,,,49.05%,49.05%,,,49.05%,49.05%,,,,48.99%,,,,,48.99%,48.99%,,,,,
singed,51.76%,,,,,,,,,,,,,,,,,,,51.76%,,51.76%,,51.76%,,,51.76%,,,,,,51.76%,,,51.76%,51.76%,51.76%,51.76%,,51.76%,,51.76%,,51.76%,51.76%,,,,51.75%,51.75%,,,,,,,,,51.75%,,51.75%,,,51.75%,,51.75%,,,,,,,,,51.76%,,,,,51.76%,,,,51.76%,,,,,,,51.76%,,51.76%,,,,,51.73%,,,,,,51.73%,,51.73%,51.73%,,,,,,51.73%,,51.73%,,,51.73%,,,,,,,,,,,,,51.74%,,,,51.74%,,,,51.83%,,,,,,,,,,,,,,,,,,51.91%,,,,,,,,
sion,50.31%,,,,,,,,,,,,,,,,,,,50.31%,,50.31%,,50.31%,,,50.29%,,,,,,50.29%,,,50.29%,50.29%,50.29%,50.29%,,50.29%,,50.29%,,50.29%,50.29%,,,,50.28%,50.28%,,,,,,,,,50.28%,,50.28%,,,50.28%,,50.28%,,,,,,,,,50.26%,,,,,50.26%,,,,50.26%,,,,,,,50.26%,,50.26%,,,,,50.25%,,,,,,50.25%,,50.25%,50.25%,,,,,,50.25%,,50.25%,,50.25%,,,,,,,,,,,,,,50.25%,,,,50.25%,,,,50.25%,,,,,,,,,,,,,,,,,,50.23%,,,,,,,,
sivir,,,,,,,,,52.51%,52.51%,,,,,,,,,52.51%,,,,52.51%,,,52.51%,,,,,52.51%,,,,,,,,,,,,,,,,,,,,,52.52%,52.52%,52.52%,52.52%,,,,,,,,,,,52.52%,,,,,,,52.51%,,,,,,,52.51%,,,,,,,,,52.51%,,,,,,,,,,,,,,,,,,,,,52.48%,,52.48%,,,,,,,,,,52.49%,,,,,,,,,,,,52.49%,,,,52.49%,,,52.49%,52.49%,,,,,,,,,,,52.48%,,,,,,,,,52.48%,52.48%,,,
skarner,,,,,,45.35%,,,,,,,,45.35%,,,,45.35%,,,,,,,45.42%,,,45.42%,45.42%,45.42%,,45.42%,,,,,,,,45.42%,,45.42%,,,,,45.42%,,45.55%,,,,,,,,45.55%,,,,45.55%,,45.55%,45.55%,,,,,45.55%,,45.55%,,,,,,,,,,,,45.50%,,,,,45.50%,,45.50%,45.50%,,,,45.50%,,,,,,45.48%,45.48%,,,,45.48%,,,,,45.48%,,,,45.48%,,45.48%,,,,,,,,,,,,,45.52%,,,,,45.52%,,,,45.58%,,,,,,,45.58%,45.58%,,,45.58%,45.58%,,,,45.65%,,,,,45.65%,45.65%,,,,,
smolder,,46.81%,46.81%,46.81%,,,46.81%,46.81%,51.12%,51.12%,46.81%,46.81%,,,,,,,51.12%,,46.81%,,51.12%,,,51.13%,,,,,51.13%,,,46.74%,46.74%,,,,,,,,,46.74%,,,,,,,,51.11%,51.11%,51.11%,51.11%,,,46.73%,46.73%,,,,,,,51.11%,,46.73%,,,,46.73%,51.12%,,,,46.74%,,,51.12%,,,,,,,,,51.12%,,,,46.74%,,,,,46.68%,,,,,,,,,,,46.68%,51.15%,,51.15%,,,,,,,,51.15%,,,,,,46.53%,46.53%,,46.53%,,,,,51.13%,,,46.53%,51.08%,,,51.10%,51.10%,46.53%,,46.53%,,,46.53%,46.53%,,,,51.13%,46.59%,,46.59%,46.59%,,,,,51.13%,51.13%,,46.59%,
sona,,,,,52.51%,,,,,,,,52.51%,,52.51%,52.51%,52.51%,,,,,,,,,,,,,,,,,,,,,,,,,,,,,,,52.58%,,,,,,,,52.58%,,,,,,,,,,,,,,52.58%,,,,52.62%,52.62%,,,52.62%,52.62%,,,52.62%,,52.62%,,52.62%,52.62%,,,,,,,,,52.62%,52.59%,,,52.59%,,,52.59%,52.59%,,,,,,,,,52.59%,,,,,,,,,,,52.53%,52.53%,,,52.53%,,,52.53%,,52.53%,,,,,,,,,,,52.55%,,,,,,,,,,,,,,,52.58%,,,,,52.58%,,52.60%
soraka,,,,,51.46%,,,,,,,,51.46%,,51.46%,51.46%,51.46%,,,,,,,,,,,,,,,,,,,,,,,,,,,,,,,51.42%,,,,,,,,51.41%,,,,,,,,,,,,,,51.41%,,,,51.43%,51.43%,,,51.43%,51.43%,,,51.43%,,51.43%,,51.43%,51.43%,,,,,,,,,51.43%,51.41%,,,51.41%,,,51.41%,51.41%,,,,,,,,,51.41%,,,,,,,,,,51.46%,,51.46%,,,51.46%,,,51.46%,,51.46%,,,,,,,,,,,51.42%,,,,,,,,,,,,,,,51.41%,,,,,51.41%,,51.37%
swain,,51.65%,51.65%,51.65%,48.60%,,51.65%,51.65%,52.63%,52.63%,51.65%,51.65%,48.60%,,48.60%,48.60%,48.60%,,52.63%,,51.65%,,52.63%,,,52.46%,,,,,52.46%,,,51.68%,51.68%,,,,,,,,,51.68%,,,,48.58%,,,,52.36%,52.36%,52.36%,52.36%,48.58%,,51.79%,51.79%,,,,,,,52.36%,,51.79%,,48.58%,,51.79%,52.49%,48.55%,48.55%,,51.73%,48.55%,48.55%,52.49%,,48.55%,,48.55%,,48.55%,48.55%,,52.49%,,,,51.73%,,,48.55%,48.59%,51.75%,,48.59%,,,48.59%,48.59%,,,,,51.75%,52.45%,,52.45%,48.59%,,,,,,,52.45%,,52.33%,48.63%,48.63%,,51.75%,51.75%,48.63%,51.75%,,48.63%,,48.63%,52.33%,,,51.74%,52.29%,,,52.25%,52.25%,51.78%,48.70%,51.78%,,,51.78%,51.78%,,,,52.12%,51.84%,,51.84%,51.84%,,48.66%,,,52.12%,52.12%,48.66%,51.84%,48.63%
sylas,48.64%,50.36%,50.36%,50.36%,48.28%,,50.36%,50.36%,,,50.36%,50.36%,48.28%,,48.28%,48.28%,48.28%,,,48.64%,50.36%,48.64%,,48.66%,,,48.66%,,,,,,48.66%,50.36%,50.36%,48.66%,48.66%,48.66%,48.66%,,48.66%,,48.66%,50.36%,48.66%,48.66%,,48.31%,,48.71%,48.71%,,,,,48.31%,,50.33%,50.33%,48.71%,,48.71%,,,48.71%,,48.71%,50.33%,,48.31%,,50.33%,,48.26%,48.26%,48.73%,50.35%,48.26%,48.26%,,48.73%,48.26%,,48.26%,48.73%,48.26%,48.26%,,,,,48.73%,50.35%,48.73%,,48.26%,48.27%,50.34%,48.72%,48.27%,,,48.27%,48.27%,48.72%,,48.72%,48.72%,50.34%,,,,48.27%,48.72%,,48.72%,,48.72%,48.72%,,,,48.34%,48.34%,48.34%,,50.35%,48.34%,50.35%,,48.34%,48.75%,48.34%,,,48.75%,50.34%,,,48.87%,,,50.33%,48.35%,50.33%,,,50.33%,50.33%,,,,,50.33%,,50.33%,50.33%,48.92%,48.39%,,,,,48.39%,50.33%,48.39%
syndra,,50.80%,50.80%,50.80%,,,50.80%,50.80%,,,50.80%,50.80%,,,,,,,,,50.80%,,,,,,,,,,,,,50.79%,50.79%,,,,,,,,,50.79%,,,,,,,,,,,,,,50.83%,50.83%,,,,,,,,,50.83%,,,,50.83%,,,,,50.83%,,,,,,,,,,,,,,,,50.83%,,,,,50.87%,,,,,,,,,,,50.87%,,,,,,,,,,,,,,,,,50.83%,,,50.83%,,,,,,,,50.82%,,,,,,50.80%,,50.80%,,,50.80%,50.80%,,,,,50.77%,,50.77%,50.77%,,,,,,,,50.77%,
tahmkench,51.38%,,,,49.23%,,,,,,,,49.23%,,49.23%,49.23%,49.23%,,,51.38%,,51.38%,,51.38%,,,51.31%,,,,,,51.31%,,,51.31%,51.31%,51.31%,51.31%,,51.31%,,51.31%,,51.31%,51.31%,,49.17%,,51.20%,51.20%,,,,,49.23%,,,,51.20%,,51.20%,,,51.20%,,51.20%,,,49.23%,,,,49.19%,49.19%,51.17%,,49.19%,49.19%,,51.17%,49.19%,,49.19%,51.17%,49.19%,49.19%,,,,,51.17%,,51.17%,,49.19%,49.21%,,51.14%,49.21%,,,49.21%,49.21%,51.14%,,51.14%,51.14%,,,,,49.21%,51.14%,,51.14%,,51.14%,51.14%,,,,49.26%,49.26%,49.26%,,,,,,49.26%,50.98%,49.26%,,,50.98%,,,,50.85%,,,,49.30%,,,,,,,,,,,,,,50.85%,49.34%,,,,,49.34%,,49.30%
taliyah,,50.36%,50.36%,50.36%,,50.73%,50.36%,50.36%,,,50.36%,50.36%,,50.73%,,,,50.73%,,,50.36%,,,,50.72%,,,50.72%,50.72%,50.72%,,50.72%,,50.37%,50.37%,,,,,50.72%,,50.72%,,50.37%,,,50.72%,,50.71%,,,,,,,,50.71%,50.43%,50.43%,,50.71%,,50.71%,50.71%,,,,50.43%,50.71%,,50.71%,50.43%,,,,,50.41%,,,,,,50.66%,,,,,50.66%,,50.66%,50.66%,,50.41%,,50.66%,,,50.38%,,,50.78%,50.78%,,,,50.78%,,,50.38%,,50.78%,,,,50.78%,,50.78%,,,,50.70%,,,,,50.37%,50.37%,,,50.70%,,,,,50.70%,,50.44%,,50.69%,,,,50.45%,,50.45%,50.69%,50.69%,50.45%,50.45%,50.69%,50.69%,,,50.45%,50.70%,50.45%,50.45%,,,50.70%,50.70%,,,,50.45%,
talon,,51.25%,51.25%,51.25%,,50.29%,51.25%,51.25%,,,51.25%,51.25%,,50.29%,,,,50.29%,,,51.25%,,,,50.27%,,,50.27%,50.27%,50.27%,,50.27%,,51.26%,51.26%,,,,,50.27%,,50.27%,,51.26%,,,50.27%,,50.27%,,,,,,,,50.27%,51.18%,51.18%,,50.27%,,50.27%,50.27%,,,,51.18%,50.27%,,50.27%,51.14%,,,,,51.14%,,,,,,50.28%,,,,,50.28%,,50.28%,50.28%,,51.14%,,50.28%,,,51.17%,,,50.28%,50.28%,,,,50.28%,,,51.17%,,50.28%,,,,50.28%,,50.28%,,,,50.25%,,,,,51.12%,51.12%,,51.12%,,,,,,50.25%,,51.07%,,50.33%,,,,51.09%,,51.09%,50.33%,50.33%,51.09%,51.09%,50.33%,50.33%,,,51.13%,50.33%,51.13%,51.13%,,,50.33%,50.33%,,,,51.13%,
taric,,,,,52.22%,,,,,,,,52.22%,,52.22%,52.22%,52.22%,,,,,,,,,,,,,,,,,,,,,,,,,,,,,,,52.18%,,,,,,,,52.18%,,,,,,,,,,,,,,52.18%,,,,52.19%,52.19%,,,52.19%,52.19%,,,52.19%,,52.19%,,52.19%,52.19%,,,,,,,,,52.19%,52.20%,,,52.20%,,,52.20%,52.20%,,,,,,,,,52.20%,,,,,,,,,,52.30%,52.30%,52.30%,,,52.30%,,,,,52.30%,,,,,,,,,,,52.31%,,,,,,,,,,,,,,,52.34%,,,,,52.34%,,52.31%
teemo,51.35%,,,,48.91%,,,,,,,,48.91%,,48.91%,48.91%,48.91%,,,51.35%,,51.35%,,51.35%,,,51.42%,,,,,,51.42%,,,51.42%,51.42%,51.42%,51.42%,,51.42%,,51.42%,,51.42%,51.42%,,49.17%,,51.42%,51.42%,,,,,49.17%,,,,51.42%,,51.42%,,,51.42%,,51.42%,,,49.17%,,,,49.10%,49.10%,51.52%,,49.10%,49.10%,,51.52%,49.10%,,49.10%,51.52%,49.10%,49.10%,,,,,51.52%,,51.52%,,49.10%,49.17%,,51.48%,49.17%,,,49.17%,49.17%,51.48%,,51.48%,51.48%,,,,,49.17%,51.48%,,51.48%,,51.48%,51.48%,,,,49.18%,49.18%,49.18%,,,49.18%,,,49.18%,,49.18%,,,51.49%,,,,51.48%,,,,49.25%,,,,,,,,,,,,,,51.49%,49.37%,,,,,49.37%,,49.31%
thresh,,,,,51.41%,,,,,,,,51.41%,,51.41%,51.41%,51.41%,,,,,,,,,,,,,,,,,,,,,,,,,,,,,,,51.41%,,,,,,,,51.42%,,,,,,,,,,,,,,51.42%,,,,51.42%,51.42%,,,51.42%,51.42%,,,51.42%,,51.42%,,51.42%,51.42%,,,,,,,,,51.42%,51.40%,,,51.40%,,,51.40%,51.40%,,,,,,,,,51.40%,,,,,,,,,,51.38%,51.38%,51.38%,,,51.38%,,,51.38%,,,,,,,,,,,,,51.37%,,,,,,,,,,,,,,,51.36%,,,,,51.36%,,51.36%
tristana,,45.59%,45.59%,45.59%,,,45.59%,45.59%,51.67%,51.67%,45.59%,45.59%,,,,,,,51.67%,,45.59%,,51.67%,,,51.70%,,,,,51.70%,,,45.59%,45.59%,,,,,,,,,45.59%,,,,,,,,51.67%,51.67%,51.67%,51.67%,,,45.53%,45.53%,,,,,,,51.67%,,45.53%,,,,45.53%,51.68%,,,,45.53%,,,51.68%,,,,,,,,,51.68%,,,,45.53%,,,,,45.64%,,,,,,,,,,,45.64%,51.73%,,51.73%,,,,,,,,51.73%,,51.71%,,,,45.68%,45.68%,,45.68%,,,,,,,,45.55%,51.70%,,,51.73%,51.73%,45.62%,,45.62%,,,45.62%,45.62%,,,,51.76%,45.64%,,45.64%,45.64%,,,,,51.76%,51.76%,,45.64%,
trundle,51.03%,,,,,52.44%,,,,,,,,52.44%,,,,52.44%,,51.03%,,51.03%,,51.03%,52.43%,,51.05%,52.43%,52.43%,52.43%,,52.43%,51.05%,,,51.05%,51.05%,51.05%,51.05%,52.43%,51.05%,52.43%,51.05%,,51.05%,51.05%,52.43%,,52.45%,51.01%,51.01%,,,,,,52.45%,,,51.01%,52.45%,51.01%,52.45%,52.45%,51.01%,,51.01%,,52.45%,,52.45%,,,,,51.05%,,,,,51.05%,,52.43%,,51.05%,,,52.43%,,52.43%,52.43%,51.05%,,51.05%,52.43%,,,,51.11%,,52.43%,52.43%,,,51.11%,52.43%,51.11%,51.11%,,,52.43%,,,51.11%,52.43%,51.11%,52.43%,51.11%,51.11%,,52.40%,,,,,,,,,52.40%,,51.09%,,,,51.09%,,,52.43%,51.15%,,,,,,52.43%,52.43%,,,52.43%,52.43%,,,,52.42%,,,51.18%,,52.42%,52.42%,,,,,
tryndamere,50.60%,,,,,,,,,,,,,,,,,,,50.60%,,50.60%,,50.62%,,,50.62%,,,,,,50.62%,,,50.62%,50.62%,50.62%,50.62%,,50.62%,,50.62%,,50.62%,50.62%,,,,50.51%,50.51%,,,,,,,,,50.51%,,50.51%,,,50.51%,,50.51%,,,,,,,,,50.53%,,,,,50.53%,,,,50.53%,,,,,,,50.53%,,50.53%,,,,,50.50%,,,,,,50.50%,,50.50%,50.50%,,,,,,50.50%,,50.50%,,50.50%,50.50%,,,,,,,,,,,,,50.52%,,,,,,,,50.54%,,,,,,,,,,,,,,,,,,50.59%,,,,,,,,
twistedfate,,51.45%,51.45%,51.45%,,,51.45%,51.45%,,,51.45%,51.45%,,,,,,,,,51.45%,,,,,,,,,,,,,51.45%,51.45%,,,,,,,,,51.45%,,,,,,,,,,,,,,51.42%,51.42%,,,,,,,,,51.42%,,,,51.44%,,,,,51.44%,,,,,,,,,,,,,,,,51.44%,,,,,51.43%,,,,,,,,,,,51.43%,,,,,,,,,,,,,,,,,51.41%,51.41%,,51.41%,,,,,,,,,,,,,,51.39%,,51.39%,,,51.39%,51.39%,,,,,51.39%,,51.39%,51.39%,,,,,,,,51.39%,
twitch,,,,,,,,,51.82%,51.82%,,,,,,,,,51.82%,,,,51.82%,,,51.82%,,,,,51.82%,,,,,,,,,,,,,,,,,,,,,51.84%,51.84%,51.84%,51.84%,,,,,,,,,,,51.84%,,,,,,,51.81%,,,,,,,51.81%,,,,,,,,,51.81%,,,,,,,,,,,,,,,,,,,,,51.87%,,51.87%,,,,,,,,51.87%,,51.86%,,,,,,,,,,,,51.86%,,,,,,,51.83%,51.83%,,,,,,,,,,,51.83%,,,,,,,,,51.83%,51.83%,,,
udyr,43.85%,,,,,51.02%,,,,,,,,51.02%,,,,51.02%,,43.85%,,43.85%,,43.96%,51.07%,,43.96%,51.07%,51.07%,51.07%,,51.07%,43.96%,,,43.96%,43.96%,43.96%,43.96%,51.07%,43.96%,51.07%,43.96%,,43.96%,43.96%,51.07%,,51.08%,44.00%,44.00%,,,,,,51.08%,,,44.00%,51.08%,44.00%,51.08%,51.08%,44.00%,,44.00%,,51.08%,,51.08%,,,,,43.94%,,,,,43.94%,,51.00%,,43.94%,,,51.00%,,51.00%,51.00%,43.94%,,43.94%,51.00%,,,,43.93%,,51.08%,51.08%,,,43.93%,51.08%,43.93%,43.93%,,,51.08%,,,43.93%,51.08%,43.93%,51.08%,43.93%,43.93%,,51.11%,,,,,,,,,51.11%,,43.90%,,,51.11%,43.90%,,,,43.91%,,,,,,51.10%,51.10%,,,51.10%,51.10%,,,,51.13%,,,43.97%,,51.13%,51.13%,,,,,
urgot,52.64%,,,,,,,,,,,,,,,,,,,52.64%,,52.64%,,52.68%,,,52.68%,,,,,,52.68%,,,52.68%,52.68%,52.68%,52.68%,,52.68%,,52.68%,,52.68%,52.68%,,,,52.64%,52.64%,,,,,,,,,52.64%,,52.64%,,,52.64%,,52.64%,,,,,,,,,52.67%,,,,,52.67%,,,,52.67%,,,,,,,52.67%,,52.67%,,,,,52.70%,,,,,,52.70%,,52.70%,52.70%,,,,,,52.70%,,52.70%,,52.70%,52.70%,,,,,,,,,,,,,52.67%,,,,52.67%,,,,,,,,,,,,,,,,,,,,,,52.64%,,,,,,,,
varus,49.01%,,,,,,,,48.00%,48.00%,,,,,,,,,48.00%,49.01%,,49.01%,48.00%,49.13%,,47.99%,49.13%,,,,47.99%,,49.13%,,,49.13%,49.13%,49.13%,49.13%,,49.13%,,49.13%,,49.13%,49.13%,,,,49.22%,49.22%,47.98%,47.98%,47.98%,47.98%,,,,,49.22%,,49.22%,,,49.22%,47.98%,49.22%,,,,,,48.01%,,,49.22%,,,,48.01%,49.22%,,,,49.22%,,,,48.01%,,,49.22%,,49.22%,,,,,49.25%,,,,,,49.25%,,49.25%,49.25%,,48.00%,,48.00%,,49.25%,,49.25%,,49.25%,49.25%,48.00%,,48.00%,,,,,,,,,,49.25%,,48.00%,,49.25%,,47.97%,,49.29%,,47.99%,,,,,,,,,,,48.01%,,,,,49.39%,,,,48.01%,48.01%,,,
vayne,50.06%,,,,,,,,51.81%,51.81%,,,,,,,,,51.81%,50.06%,,50.06%,51.81%,49.95%,,51.81%,49.95%,,,,51.81%,,49.95%,,,49.95%,49.95%,49.95%,49.95%,,49.95%,,49.95%,,49.95%,49.95%,,,,49.91%,49.91%,51.78%,51.78%,51.78%,51.78%,,,,,49.91%,,49.91%,,,49.91%,51.78%,49.91%,,,,,,51.75%,,,49.85%,,,,51.75%,49.85%,,,,49.85%,,,,51.75%,,,49.85%,,49.85%,,,,,49.74%,,,,,,49.74%,,49.74%,49.74%,,51.75%,,51.75%,,49.74%,,49.74%,,49.74%,49.74%,51.75%,,51.74%,,,,,,,,,,49.84%,,51.74%,,49.84%,,51.70%,,49.91%,51.67%,,,,,,,,,,,,51.66%,,,,,50.00%,,,,51.66%,51.66%,,,
veigar,,50.63%,50.63%,50.63%,,,50.63%,50.63%,,,50.63%,50.63%,,,,,,,,,50.63%,,,,,,,,,,,,,50.63%,50.63%,,,,,,,,,50.63%,,,,,,,,,,,,,,50.63%,50.63%,,,,,,,,,50.63%,,,,50.67%,,,,,50.67%,,,,,,,,,,,,,,,,50.67%,,,,,50.65%,,,,,,,,,,,50.65%,,,,,,,,,,,,,,,,,50.65%,50.65%,,50.65%,,,,,,,,50.65%,,,,,,,,50.65%,,,50.65%,50.65%,,,,,50.68%,,50.68%,50.68%,,,,,,,,50.68%,
velkoz,,52.51%,52.51%,52.51%,50.04%,,52.51%,52.51%,,,52.51%,52.51%,50.04%,,50.04%,50.04%,50.04%,,,,52.51%,,,,,,,,,,,,,52.53%,52.53%,,,,,,,,,52.53%,,,,50.18%,,,,,,,,50.18%,,52.64%,52.64%,,,,,,,,,52.64%,,50.18%,,52.56%,,50.13%,50.13%,,52.56%,50.13%,50.13%,,,50.13%,,50.13%,,50.13%,50.13%,,,,,,52.56%,,,50.13%,50.18%,52.61%,,50.18%,,,50.18%,50.18%,,,,,52.61%,,,,50.18%,,,,,,,,,,50.18%,50.18%,50.18%,52.51%,52.51%,50.18%,52.51%,,50.18%,,50.18%,,,,52.39%,,,,,,52.38%,,52.38%,,,52.38%,52.38%,,,,,52.35%,,52.35%,52.35%,,50.22%,,,,,50.22%,52.35%,50.26%
vex,,52.65%,52.65%,52.65%,,,52.65%,52.65%,,,52.65%,52.65%,,,,,,,,,52.65%,,,,,,,,,,,,,52.61%,52.61%,,,,,,,,,52.61%,,,,,,,,,,,,,,52.58%,52.58%,,,,,,,,,52.58%,,,,52.57%,,,,,52.57%,,,,,,,,,,,,,,,,52.57%,,,,,52.56%,,,,,,,,,,,52.56%,,,,,,,,,,,,,,,,,52.54%,52.54%,,52.54%,,,,,,,,52.49%,,,,,,52.49%,,,,,52.49%,52.49%,,,,,52.47%,,52.47%,52.47%,,,,,,,,52.47%,
vi,,,,,,48.38%,,,,,,,,48.38%,,,,48.38%,,,,,,,48.38%,,,48.38%,48.38%,48.38%,,48.38%,,,,,,,,48.38%,,48.38%,,,,,48.38%,,48.39%,,,,,,,,48.39%,,,,48.39%,,48.39%,48.39%,,,,,48.39%,,48.39%,,,,,,,,,,,,48.37%,,,,,48.37%,,48.37%,48.37%,,,,48.37%,,,,,,48.34%,48.34%,,,,48.34%,,,,,48.34%,,,,48.34%,,48.34%,,,,48.36%,,,,,,,,,48.36%,,,,,48.36%,,,,48.37%,,,,,,,,48.37%,,,48.37%,48.37%,,,,48.36%,,,,,48.36%,48.36%,,,,,
viego,,,,,,49.31%,,,,,,,,49.31%,,,,49.31%,,,,,,,49.30%,,,49.30%,49.30%,49.30%,,49.30%,,,,,,,,49.30%,,49.30%,,,,,49.30%,,49.30%,,,,,,,,49.30%,,,,49.30%,,49.30%,49.30%,,,,,49.30%,,49.30%,,,,,,,,,,,,49.31%,,,,,49.31%,,49.31%,49.31%,,,,49.31%,,,,,,49.29%,49.29%,,,,49.29%,,,,,49.29%,,,,49.29%,,49.29%,,,,49.30%,,,,,,,,,49.30%,,,,,49.30%,,,,49.31%,,,,,,,49.32%,,,,49.32%,49.32%,,,,49.34%,,,,,49.34%,49.34%,,,,,
viktor,,49.76%,49.76%,49.76%,,,49.76%,49.76%,,,49.76%,49.76%,,,,,,,,,49.76%,,,,,,,,,,,,,49.73%,49.73%,,,,,,,,,49.73%,,,,,,,,,,,,,,49.74%,49.74%,,,,,,,,,49.74%,,,,49.72%,,,,,49.72%,,,,,,,,,,,,,,,,49.72%,,,,,49.76%,,,,,,,,,,,49.76%,,,,,,,,,,,,,,,,,49.77%,49.77%,,49.77%,,,,,,,,49.73%,,,,,,49.75%,,49.75%,,,,49.75%,,,,,49.70%,,49.70%,49.70%,,,,,,,,49.70%,
vladimir,51.13%,51.39%,51.39%,51.39%,,,51.39%,51.39%,,,51.39%,51.39%,,,,,,,,51.13%,51.39%,51.13%,,51.16%,,,51.16%,,,,,,51.16%,51.42%,51.42%,51.16%,51.16%,51.16%,51.16%,,51.16%,,51.16%,51.42%,51.16%,51.16%,,,,51.12%,51.12%,,,,,,,51.41%,51.41%,51.12%,,51.12%,,,51.12%,,51.12%,51.41%,,,,51.41%,,,,51.11%,51.41%,,,,51.11%,,,,51.11%,,,,,,,51.11%,51.41%,51.11%,,,,51.38%,51.16%,,,,,,51.16%,,51.16%,51.16%,51.38%,,,,,51.16%,,51.16%,,51.16%,51.16%,,,,,,,51.40%,51.40%,,51.40%,,,51.12%,,,,51.12%,51.39%,,,51.13%,,,51.41%,,51.41%,,,51.41%,,,,,,51.43%,,51.43%,51.43%,51.13%,,,,,,,51.43%,
volibear,49.78%,,,,,52.21%,,,,,,,,52.21%,,,,52.21%,,49.78%,,49.78%,,49.72%,52.16%,,49.72%,52.16%,52.16%,52.16%,,52.16%,49.72%,,,49.72%,49.72%,49.72%,49.72%,52.16%,49.72%,52.16%,49.72%,,49.72%,49.72%,52.16%,,52.20%,49.72%,49.72%,,,,,,52.20%,,,49.72%,52.20%,49.72%,52.20%,52.20%,49.72%,,49.72%,,52.20%,,52.20%,,,,,49.71%,,,,,49.71%,,52.19%,,49.71%,,,52.19%,,52.19%,52.19%,49.71%,,49.71%,52.19%,,,,49.80%,,52.21%,52.21%,,,49.80%,52.21%,49.80%,49.80%,,,52.21%,,,49.80%,52.21%,49.80%,52.21%,49.80%,49.80%,,52.20%,,,,,,,,,52.20%,,49.81%,,,52.20%,49.81%,,,52.13%,49.82%,,,,,,52.07%,52.07%,,,,52.07%,,,,52.01%,,,49.88%,,52.01%,52.01%,,,,,
warwick,52.88%,,,,,52.89%,,,,,,,,52.89%,,,,52.89%,,52.88%,,52.88%,,52.88%,52.96%,,52.91%,52.96%,52.96%,52.96%,,52.96%,52.91%,,,52.91%,52.91%,52.91%,52.91%,52.96%,52.91%,52.96%,52.91%,,52.91%,52.91%,52.96%,,52.95%,52.90%,52.90%,,,,,,52.95%,,,52.90%,52.95%,52.90%,52.95%,52.95%,52.90%,,52.90%,,52.95%,,52.95%,,,,,52.91%,,,,,52.91%,,52.97%,,52.91%,,,52.97%,,52.97%,52.97%,52.91%,,52.91%,52.97%,,,,52.89%,,52.91%,52.91%,,,52.89%,52.91%,52.89%,52.89%,,,52.91%,,,52.89%,52.91%,52.89%,52.91%,52.89%,52.89%,,52.91%,,,,,,,,,52.91%,,52.83%,,,52.91%,52.83%,,,52.88%,52.78%,,,,,,52.87%,52.87%,,,52.87%,,,,,52.87%,,,52.80%,,52.87%,52.87%,,,,,
wukong,50.31%,50.36%,50.36%,49.46%,51.41%,49.31%,51.45%,50.37%,51.40%,49.42%,51.45%,51.45%,52.13%,49.31%,51.35%,51.41%,51.41%,50.87%,51.40%,49.98%,50.36%,50.49%,51.40%,49.98%,50.87%,51.38%,49.99%,49.30%,50.87%,49.30%,49.41%,50.87%,49.99%,51.45%,50.36%,49.99%,50.45%,49.99%,50.45%,50.87%,50.50%,50.87%,49.99%,51.45%,49.99%,49.99%,50.87%,52.11%,50.87%,49.96%,49.96%,49.39%,49.39%,48.37%,51.39%,52.11%,50.87%,51.42%,50.33%,50.47%,49.30%,50.47%,50.87%,50.87%,49.96%,49.39%,49.96%,51.42%,49.30%,51.42%,50.87%,50.30%,49.40%,52.14%,52.14%,48.96%,51.44%,51.34%,52.14%,51.37%,49.91%,51.42%,50.86%,51.34%,50.47%,52.14%,51.34%,50.86%,49.40%,50.86%,49.31%,52.00%,51.44%,49.91%,50.86%,51.08%,51.40%,50.34%,52.30%,51.40%,50.85%,50.85%,51.40%,51.40%,49.88%,50.85%,50.45%,49.88%,50.34%,49.39%,50.85%,51.34%,52.13%,49.88%,50.85%,49.88%,49.29%,49.88%,49.88%,49.39%,50.86%,49.42%,52.10%,52.10%,51.38%,51.41%,49.43%,51.38%,51.41%,49.30%,51.38%,49.88%,51.40%,49.42%,50.86%,50.56%,50.34%,49.42%,49.32%,49.89%,51.29%,49.41%,49.36%,52.08%,50.71%,50.83%,50.83%,51.39%,50.30%,49.32%,50.83%,,49.44%,51.39%,50.83%,51.39%,50.32%,49.93%,51.41%,50.83%,50.83%,49.44%,49.44%,51.41%,51.39%,52.10%
xayah,,,,,,,,,51.39%,51.39%,,,,,,,,,51.39%,,,,51.39%,,,51.38%,,,,,51.38%,,,,,,,,,,,,,,,,,,,,,51.42%,51.42%,51.42%,51.42%,,,,,,,,,,,51.42%,,,,,,,51.41%,,,,,,,51.41%,,,,,,,,,51.41%,,,,,,,,,,,,,,,,,,,,,51.43%,,51.43%,,,,,,,,51.43%,,51.47%,,,,,,,,,,,,51.47%,,,,51.48%,,,51.46%,51.46%,,,,,,,,,,,,,,,,,,,,51.45%,51.45%,,,
xerath,,51.57%,51.57%,51.57%,49.78%,,51.57%,51.57%,,,51.57%,51.57%,49.78%,,49.78%,49.78%,49.78%,,,,51.57%,,,,,,,,,,,,,51.60%,51.60%,,,,,,,,,51.60%,,,,49.74%,,,,,,,,49.74%,,51.64%,51.64%,,,,,,,,,51.64%,,49.74%,,51.64%,,49.77%,49.77%,,51.62%,49.77%,49.77%,,,49.77%,,49.77%,,49.77%,49.77%,,,,,,51.62%,,,49.77%,49.75%,51.63%,,49.75%,,,49.75%,49.75%,,,,,51.63%,,,,49.75%,,,,,,,,,,49.74%,49.74%,49.74%,51.63%,51.63%,49.74%,51.63%,,49.74%,,49.74%,,,,51.67%,,,,,,51.65%,49.73%,51.65%,,,51.65%,51.65%,,,,,,,51.68%,51.68%,,49.79%,,,,,49.79%,51.68%,49.79%
xinzhao,,,,,,50.95%,,,,,,,,50.95%,,,,50.95%,,,,,,,50.95%,,,50.95%,50.95%,50.95%,,50.95%,,,,,,,,50.95%,,50.95%,,,,,50.95%,,50.93%,,,,,,,,50.93%,,,,50.93%,,50.93%,50.93%,,,,,50.93%,,50.93%,,,,,,,,,,,,50.93%,,,,,50.93%,,50.93%,50.93%,,,,50.93%,,,,,,50.94%,50.94%,,,,50.94%,,,,,50.94%,,,,50.94%,,50.94%,,,,50.93%,,,,,,,,,50.93%,,,,,50.93%,,,,50.95%,,,,,,,50.95%,50.95%,,,50.95%,50.95%,,,,,,,,,50.94%,50.94%,,,,,
yasuo,49.98%,50.37%,50.37%,50.37%,,,50.37%,50.37%,52.75%,52.75%,50.37%,50.37%,,,,,,,52.75%,49.98%,50.37%,49.98%,52.75%,50.02%,,52.74%,50.02%,,,,52.74%,,50.02%,50.34%,50.34%,50.02%,50.02%,50.02%,50.02%,,50.02%,,50.02%,50.34%,50.02%,50.02%,,,,50.03%,50.03%,52.83%,52.83%,52.83%,52.83%,,,50.32%,50.32%,50.03%,,50.03%,,,50.03%,52.83%,50.03%,50.32%,,,,50.30%,52.89%,,,50.02%,50.30%,,,52.89%,50.02%,,,,50.02%,,,,52.89%,,,50.02%,50.30%,50.02%,,,,50.33%,50.06%,,,,,,50.06%,,50.06%,50.06%,50.33%,52.85%,,52.85%,,50.06%,,50.06%,,50.06%,50.06%,52.85%,,52.89%,,,,50.33%,50.33%,,50.33%,,,50.04%,,52.89%,,50.04%,50.31%,52.76%,,50.12%,52.83%,52.83%,50.30%,,50.30%,,,50.30%,50.30%,,,,52.86%,50.32%,,,50.32%,50.07%,,,,52.86%,52.86%,,50.32%,
yone,47.60%,47.02%,47.02%,47.02%,,,47.02%,47.02%,,,47.02%,47.02%,,,,,,,,47.60%,47.02%,47.60%,,47.60%,,,47.55%,,,,,,47.55%,47.05%,47.05%,47.55%,47.55%,47.55%,47.55%,,47.55%,,47.55%,47.05%,47.55%,47.55%,,,,47.51%,47.51%,,,,,,,47.04%,47.04%,47.51%,,47.51%,,,47.51%,,47.51%,47.04%,,,,47.04%,,,,47.50%,47.04%,,,,47.50%,,,,47.50%,,,,,,,47.50%,47.04%,47.50%,,,,47.00%,47.49%,,,,,,47.49%,,47.49%,47.49%,47.00%,,,,,47.49%,,47.49%,,47.49%,47.49%,,,,,,,47.03%,47.03%,,47.03%,,,47.53%,,,,47.53%,47.01%,,,47.53%,,,47.02%,,47.02%,,,47.02%,47.02%,,,,,47.06%,,47.06%,,47.55%,,,,,,,47.06%,
yorick,50.32%,,,,,,,,,,,,,,,,,,,50.32%,,50.32%,,50.32%,,,50.30%,,,,,,50.30%,,,50.30%,50.30%,50.30%,50.30%,,50.30%,,50.30%,,50.30%,50.30%,,,,50.17%,50.17%,,,,,,,,,50.17%,,50.17%,,,50.17%,,50.17%,,,,,,,,,50.18%,,,,,50.18%,,,,50.18%,,,,,,,50.18%,,50.18%,,,,,50.18%,,,,,,50.18%,,50.18%,50.18%,,,,,,50.18%,,50.18%,,50.18%,50.18%,,,,,,,,,,,,,50.14%,,,,50.14%,,,,50.22%,,,,,,,,,,,,,,,,,,,,,,,,,,
yuumi,,,,,49.79%,,,,,,,,49.79%,,49.79%,49.79%,49.79%,,,,,,,,,,,,,,,,,,,,,,,,,,,,,,,49.82%,,,,,,,,49.82%,,,,,,,,,,,,,,49.82%,,,,49.84%,49.84%,,,49.84%,49.84%,,,49.84%,,49.84%,,49.84%,49.84%,,,,,,,,,49.84%,49.83%,,,49.83%,,,49.83%,49.83%,,,,,,,,,49.83%,,,,,,,,,,49.84%,49.84%,49.84%,,,49.84%,,,49.84%,,49.84%,,,,,,,,,,,49.83%,,,,,,,,,,,,,,,,,,,,49.81%,,49.81%
zac,52.83%,,,,,50.53%,,,,,,,,50.53%,,,,50.53%,,52.83%,,52.83%,,52.76%,50.49%,,52.76%,50.49%,50.49%,50.49%,,50.49%,52.76%,,,52.76%,52.76%,52.76%,52.76%,50.49%,52.76%,50.49%,52.76%,,52.76%,52.76%,50.49%,,50.45%,52.66%,52.66%,,,,,,50.45%,,,52.66%,50.45%,52.66%,50.45%,50.45%,52.66%,,52.66%,,50.45%,,50.45%,,,,,52.63%,,,,,52.63%,,50.42%,,52.63%,,,50.42%,,50.42%,50.42%,52.63%,,52.63%,50.42%,,,,52.52%,,50.42%,50.42%,,,52.52%,50.42%,52.52%,52.52%,,,50.42%,,,52.52%,50.42%,52.52%,50.42%,52.52%,52.52%,,50.48%,,,,,,,,,50.48%,,52.45%,,,50.48%,52.45%,,,50.45%,52.47%,,,,,,50.48%,50.48%,,,50.48%,50.48%,,,,50.49%,,,52.34%,,,50.49%,,,,,
zed,,49.87%,49.87%,49.87%,,47.72%,49.87%,49.87%,,,49.87%,49.87%,,47.72%,,,,47.72%,,,49.87%,,,,47.72%,,,47.74%,47.74%,47.74%,,47.74%,,49.91%,49.91%,,,,,47.74%,,47.74%,,49.91%,,,47.74%,,47.72%,,,,,,,,47.72%,49.91%,49.91%,,47.72%,,47.72%,47.72%,,,,49.91%,47.72%,,47.72%,49.92%,,,,,49.92%,,,,,,47.71%,,,,,47.71%,,47.71%,47.71%,,49.92%,,47.71%,,,49.90%,,,47.76%,47.76%,,,,47.76%,,,49.90%,,47.76%,,,,47.76%,,47.76%,,,,47.75%,,,,,49.86%,49.86%,,49.86%,47.75%,,,,,47.75%,,49.89%,,47.75%,,,,49.88%,,49.88%,47.72%,47.72%,49.88%,49.88%,47.72%,47.72%,,,49.90%,47.72%,49.90%,49.90%,,,47.72%,,,,,49.90%,
zeri,,,,,,,,,50.26%,50.26%,,,,,,,,,50.26%,,,,50.26%,,,50.26%,,,,,50.26%,,,,,,,,,,,,,,,,,,,,,50.27%,50.27%,50.27%,50.27%,,,,,,,,,,,50.27%,,,,,,,50.25%,,,,,,,50.25%,,,,,,,,,50.25%,,,,,,,,,,,,,,,,,,,,,50.30%,,50.30%,,,,,,,,50.30%,,50.30%,,,,,,,,,,,,50.30%,,,,50.30%,,,50.29%,50.29%,,,,,,,,,,,50.29%,,,,,,,,,,50.29%,,,
ziggs,,49.27%,49.27%,49.27%,,,49.27%,49.27%,51.06%,51.06%,49.27%,49.27%,,,,,,,51.06%,,49.27%,,51.06%,,,50.95%,,,,,50.95%,,,49.26%,49.26%,,,,,,,,,49.26%,,,,,,,,50.97%,50.97%,50.97%,50.97%,,,49.18%,49.18%,,,,,,,50.97%,,49.18%,,,,49.14%,50.92%,,,,49.14%,,,50.92%,,,,,,,,,50.92%,,,,49.14%,,,,,49.07%,,,,,,,,,,,49.07%,50.86%,,50.86%,,,,,,,,50.86%,,50.91%,,,,49.12%,49.12%,,49.12%,,,,,50.91%,,,49.02%,50.94%,,,50.96%,50.96%,49.03%,,49.03%,,,49.03%,49.03%,,,,50.93%,48.91%,,48.91%,48.91%,,,,,50.93%,,,48.90%,
zilean,,,,,52.35%,,,,,,,,52.35%,,52.35%,52.35%,52.35%,,,,,,,,,,,,,,,,,,,,,,,,,,,,,,,52.29%,,,,,,,,52.29%,,,,,,,,,,,,,,52.29%,,,,52.30%,52.30%,,,52.30%,52.30%,,,52.30%,,52.30%,,52.30%,52.30%,,,,,,,,,52.30%,52.31%,,,52.31%,,,52.31%,52.31%,,,,,,,,,52.31%,,,,,,,,,,52.32%,52.32%,52.32%,,,52.32%,,,52.32%,,52.32%,,,,,,,,,,,52.25%,,,,,,,,,,,,,,,52.29%,,,,,,,52.28%
zoe,,52.36%,52.36%,52.36%,49.33%,,52.36%,52.36%,,,52.36%,52.36%,49.33%,,49.33%,49.33%,49.33%,,,,52.36%,,,,,,,,,,,,,52.36%,52.36%,,,,,,,,,52.36%,,,,49.27%,,,,,,,,49.27%,,52.37%,52.37%,,,,,,,,,52.37%,,49.27%,,52.41%,,49.20%,49.20%,,52.41%,49.20%,49.20%,,,49.20%,,49.20%,,49.20%,49.20%,,,,,,52.41%,,,49.20%,49.16%,52.40%,,49.16%,,,49.16%,49.16%,,,,,52.40%,,,,49.16%,,,,,,,,,,49.11%,49.11%,49.11%,52.40%,52.40%,49.11%,52.40%,,49.11%,,49.11%,,,,52.42%,,,,,,52.42%,49.40%,52.42%,,,52.42%,52.42%,,,,,52.46%,,52.46%,52.46%,,49.32%,,,,,49.32%,,49.27%
zyra,,,,,50.69%,49.26%,,,,,,,50.69%,49.26%,50.69%,50.69%,50.69%,49.26%,,,,,,,49.32%,,,49.32%,49.32%,49.32%,,49.32%,,,,,,,,49.32%,,49.32%,,,,,49.32%,50.63%,49.40%,,,,,,,50.63%,49.40%,,,,49.40%,,49.40%,49.40%,,,,,49.40%,50.63%,49.40%,,,50.64%,50.64%,,,50.64%,50.64%,,,50.64%,49.47%,50.64%,,50.64%,50.64%,49.47%,,49.47%,49.47%,,,,49.47%,50.64%,50.56%,,,50.56%,49.42%,49.42%,50.56%,50.56%,,49.42%,,,,,49.42%,,50.56%,,49.42%,,49.42%,,,,49.44%,,50.58%,50.58%,50.58%,,,50.58%,,49.44%,50.58%,,50.58%,,49.44%,,,,49.58%,,,,,50.49%,,49.58%,49.58%,,,49.58%,49.58%,,,,49.61%,,,,50.54%,49.61%,49.61%,,,50.54%,,
